Class ID,Preferred Label,Synonyms,Definitions,Obsolete,CUI,Semantic Types,Parents,characteristic for,contains measurements of type,entity related,has base qualifier,has context,has measurement,has member,has next qualifier,has observed relation,has qualifier,has source unit,has target unit,has unit,has value,http://creativecommons.org/ns#license,http://data.bioontology.org/metadata/prefixIRI,http://ecoinformatics.org/oboe/oboe.1.2/oboe-core.owl#hasCode,http://ecoinformatics.org/oboe/oboe.1.2/oboe-core.owl#hasMultiplier,http://ecoinformatics.org/oboe/oboe.1.2/oboe-core.owl#hasOffset,http://ecoinformatics.org/oboe/oboe.1.2/oboe-core.owl#hasPower,http://ecoinformatics.org/oboe/oboe.1.2/oboe-core.owl#hasPrecision,http://ecoinformatics.org/oboe/oboe.1.2/oboe-core.owl#hasPrefixMultiplier,http://ecoinformatics.org/oboe/oboe.1.2/oboe-core.owl#sameConceptAs,http://ecoinformatics.org/oboe/oboe.1.2/oboe-core.owl#sameConceptAsClass,http://ecoinformatics.org/oboe/oboe.1.2/oboe-core.owl#similarConceptAs,http://ecoinformatics.org/oboe/oboe.1.2/oboe-core.owl#similarConceptAsClass,http://ecoinformatics.org/oboe/oboe.1.2/oboe-core.owl#standardFor,http://ecoinformatics.org/oboe/oboe.1.2/oboe-core.owl#usesMethod,measurement for,measures characteristic,measures entity,measures using protocol,measures using standard,of characteristic,of entity,uses protocol,uses standard
http://ecoinformatics.org/oboe/oboe.1.2/oboe-characteristics.owl#SpectralRadiance,SpectralRadiance,,,false,,,http://ecoinformatics.org/oboe/oboe.1.2/oboe-characteristics.owl#Radiance,,,,,,,,,,,,,,,,SpectralRadiance,,,,,,,,,,,,,,,,,,,,,
http://ecoinformatics.org/oboe/oboe.1.2/oboe-core.owl#Standard,Standard,,"A standard defines a reference for comparing or naming entities via a measurement. A standard can be defined intentionally (e.g., as in the case of units) or extensionally (by listing the values of the standard, e.g., for color this might be red, blue, yellow, etc).",false,,,http://www.w3.org/2002/07/owl#Thing,,,,,,,,,,,,,,,,oboe-core:Standard,,,,,,,,,,,,,,,,,,,,,
http://ecoinformatics.org/oboe/oboe.1.2/oboe-standards.owl#NumberPerMeterSquared,NumberPerMeterSquared,,,false,,,http://ecoinformatics.org/oboe/oboe.1.2/oboe-core.owl#CompositeUnit,,,,,,,,,,,,,http://ecoinformatics.org/oboe/oboe.1.2/oboe-standards.owl#Number,,,NumberPerMeterSquared,,,,,,,,,,,,,,,,,,,,,
http://ecoinformatics.org/oboe/oboe.1.2/oboe-standards.owl#BushelToLiter,BushelToLiter,,,false,,,http://ecoinformatics.org/oboe/oboe.1.2/oboe-core.owl#UnitConversion,,,,,,,,,,,,,,,,BushelToLiter,,,,,,,,,,,,,,,,,,,,,
http://ecoinformatics.org/oboe/oboe.1.2/oboe-standards.owl#AngstromToMeter,AngstromToMeter,,,false,,,http://ecoinformatics.org/oboe/oboe.1.2/oboe-core.owl#UnitConversion,,,,,,,,,,,,,,,,AngstromToMeter,,,,,,,,,,,,,,,,,,,,,
http://ecoinformatics.org/oboe/oboe.1.2/oboe-standards.owl#HectogramToKilogram,HectogramToKilogram,,,false,,,http://ecoinformatics.org/oboe/oboe.1.2/oboe-core.owl#UnitConversion,,,,,,,,,,,,,,,,HectogramToKilogram,,,,,,,,,,,,,,,,,,,,,
http://ecoinformatics.org/oboe/oboe.1.2/oboe-standards.owl#NominalWeek,NominalWeek,,,false,,,http://ecoinformatics.org/oboe/oboe.1.2/oboe-core.owl#BaseUnit,,,,,,,,,,,,,,,,NominalWeek,,,,,,,,,,,,,,,,,,,,,
http://ecoinformatics.org/oboe/oboe.1.2/oboe-standards.owl#Pint,Pint,,,false,,,http://ecoinformatics.org/oboe/oboe.1.2/oboe-core.owl#DerivedUnit,,,,,,,,,,,,,,,,Pint,,,,,,,,,,,,,,,,,,,,,
http://ecoinformatics.org/oboe/oboe.1.2/oboe-standards.owl#Pound,Pound,,,false,,,http://ecoinformatics.org/oboe/oboe.1.2/oboe-core.owl#BaseUnit,,,,,,,,,,,,,,,,Pound,,,,,,,,,,,,,,,,,,,,,
http://ecoinformatics.org/oboe/oboe.1.2/oboe-standards.owl#DecigramToKilogram,DecigramToKilogram,,,false,,,http://ecoinformatics.org/oboe/oboe.1.2/oboe-core.owl#UnitConversion,,,,,,,,,,,,,,,,DecigramToKilogram,,,,,,,,,,,,,,,,,,,,,
http://ecoinformatics.org/oboe/oboe.1.2/oboe-characteristics.owl#VolumetricRate,VolumetricRate,,,false,,,http://ecoinformatics.org/oboe/oboe.1.2/oboe-core.owl#MeasuredCharacteristic,,,,,,,,,,,,,,,,oboe-characteristics:VolumetricRate|VolumetricRate,,,,,,,,,,,,,,,,,,,,,
http://ecoinformatics.org/oboe/oboe.1.2/oboe-standards.owl#Angstrom,Angstrom,,The angstrom is a unit of length equal to 0.1 nanometre.,false,,,http://ecoinformatics.org/oboe/oboe.1.2/oboe-core.owl#BaseUnit,,,,,,,,,,,,,,,,Angstrom,,,,,,,,,,,,,,,,,,,,,
http://ecoinformatics.org/oboe/oboe.1.2/oboe-standards.owl#NominalMinute,NominalMinute,,,false,,,http://ecoinformatics.org/oboe/oboe.1.2/oboe-core.owl#BaseUnit,,,,,,,,,,,,,,,,NominalMinute,,,,,,,,,,,,,,,,,,,,,
http://ecoinformatics.org/oboe/oboe.1.2/oboe-characteristics.owl#Radiance,Radiance,,"Radiance and spectral radiance are radiometric measures that describe the amount of light that passes through or is emitted from a particular area, and falls within a given solid angle in a specified direction. They are used to characterize both emission from diffuse sources and reflection from diffuse surfaces. The SI unit of radiance is watts per steradian per square metre (W·sr−1·m−2).",false,,,http://ecoinformatics.org/oboe/oboe.1.2/oboe-core.owl#MeasuredCharacteristic,,,,,,,,,,,,,,,,oboe-characteristics:Radiance|Radiance,,,,,,,,,,,,,,,,,,,,,
http://ecoinformatics.org/oboe/oboe.1.2/oboe-characteristics.owl#Conductivity,Conductivity,,is a measure of a material's ability to conduct an electric current. Units are siemens per meter,false,,,http://ecoinformatics.org/oboe/oboe.1.2/oboe-core.owl#MeasuredCharacteristic,,,,,,,,,,,,,,,,oboe-characteristics:Conductivity|Conductivity,,,,,,,,,,,,,,,,,,,,,
http://ecoinformatics.org/oboe/oboe.1.2/oboe-standards.owl#PracticalSalinityUnit,Practical Salinity Unit,,"At the simplest level, salinity is the total amount of dissolved material in grams in one kilogram of sea water. So it is typically thought of as a dimensionless quantity with no units.  It is described here as an Index. For more information, see current physical oceanographic references, such as http://oceanworld.tamu.edu/resources/ocng_textbook/chapter06/chapter06_01.htm",false,,,http://ecoinformatics.org/oboe/oboe.1.2/oboe-core.owl#Index,,,,,,,,,,,,,,,,PracticalSalinityUnit,,,,,,,,,,,,,,,,,,,,,
http://ecoinformatics.org/oboe/oboe.1.2/oboe-characteristics.owl#Volume,Volume,,,false,,,http://ecoinformatics.org/oboe/oboe.1.2/oboe-core.owl#MeasuredCharacteristic,,,,,,,,,,,,,,,,oboe-characteristics:Volume|Volume,,,,,,,,,,,,,,,,,,,,,
http://ecoinformatics.org/oboe/oboe.1.2/oboe-standards.owl#Dekameter,Dekameter,,,false,,,http://ecoinformatics.org/oboe/oboe.1.2/oboe-core.owl#BaseUnit,,,,,,,,,,,,,,,,Dekameter,,,,,,,,,,,,,,,,,,,,,
http://ecoinformatics.org/oboe/oboe.1.2/oboe-standards.owl#MinuteToSecond,MinuteToSecond,,,false,,,http://ecoinformatics.org/oboe/oboe.1.2/oboe-core.owl#UnitConversion,,,,,,,,,,,,,,,,MinuteToSecond,,,,,,,,,,,,,,,,,,,,,
http://ecoinformatics.org/oboe/oboe.1.2/oboe-characteristics.owl#Identifier,Identifier,,provides an identifying sequence of characters to refer to an entity within a context. An Identifier can be unique within a local context or a global context.,false,,,http://ecoinformatics.org/oboe/oboe.1.2/oboe-core.owl#IdentifyingCharacteristic,,,,,,,,,,,,,,,,Identifier,,,,,,,,,,,,,,,,,,,,,
http://ecoinformatics.org/oboe/oboe.1.2/oboe-standards.owl#Decibar,Decibar,,A decibar is a unit pressure commonly used in oceanography because it's value is generally equivalent to depth in meters.  1 dbar = 0.1 bar = 10 kPa,false,,,http://ecoinformatics.org/oboe/oboe.1.2/oboe-core.owl#BaseUnit,,,,,,,,,,,,,,,,Decibar,,,,,,,,,,,,,,,,,,,,,
http://ecoinformatics.org/oboe/oboe.1.2/oboe-standards.owl#Fathom,Fathom,,,false,,,http://ecoinformatics.org/oboe/oboe.1.2/oboe-core.owl#BaseUnit,,,,,,,,,,,,,,,,Fathom,,,,,,,,,,,,,,,,,,,,,
http://ecoinformatics.org/oboe/oboe.1.2/oboe-core.owl#Protocol,Protocol,,A protocol is a procedure for generating or processing data.,false,,,http://www.w3.org/2002/07/owl#Thing,,,,,,,,,,,,,,,,oboe-core:Protocol,,,,,,,,,,,,,,,,,,,,,
http://ecoinformatics.org/oboe/oboe.1.2/oboe-standards.owl#FahrenheitDegree,FahrenheitDegree,,,false,,,http://ecoinformatics.org/oboe/oboe.1.2/oboe-core.owl#BaseUnit,,,,,,,,,,,,,,,,FahrenheitDegree,,,,,,,,,,,,,,,,,,,,,
http://ecoinformatics.org/oboe/oboe.1.2/oboe-standards.owl#MilligramPerMeterCubedPerDay,MilligramPerMeterCubedPerDay,,,false,,,http://ecoinformatics.org/oboe/oboe.1.2/oboe-core.owl#CompositeUnit,,,,,,,,,,,,,http://ecoinformatics.org/oboe/oboe.1.2/oboe-standards.owl#Milligram,,,MilligramPerMeterCubedPerDay,,,,,,,,,,,,,,,,,,,,,
http://ecoinformatics.org/oboe/oboe.1.2/oboe-standards.owl#CentimeterCubed,CentimeterCubed,,,false,,,http://ecoinformatics.org/oboe/oboe.1.2/oboe-core.owl#DerivedUnit,,,,,,,,,,,,,,,,CentimeterCubed,,,,,,,,,,,,,,,,,,,,,
http://ecoinformatics.org/oboe/oboe.1.2/oboe-characteristics.owl#Area,Area,,,false,,,http://ecoinformatics.org/oboe/oboe.1.2/oboe-core.owl#MeasuredCharacteristic,,,,,,,,,,,,,,,,Area|oboe-characteristics:Area,,,,,,,,,,,,,,,,,,,,,
http://ecoinformatics.org/oboe/oboe.1.2/oboe-standards.owl#FootSquared,FootSquared,,,false,,,http://ecoinformatics.org/oboe/oboe.1.2/oboe-core.owl#DerivedUnit,,,,,,,,,,,,,,,,FootSquared,,,,,,,,,,,,,,,,,,,,,
http://ecoinformatics.org/oboe/oboe.1.2/oboe-standards.owl#Megahertz,Megahertz,,,false,,,http://ecoinformatics.org/oboe/oboe.1.2/oboe-core.owl#DerivedUnit,,,,,,,,,,,,,,,,Megahertz,,,,,,,,,,,,,,,,,,,,,
http://ecoinformatics.org/oboe/oboe.1.2/oboe-standards.owl#Kelvin,Kelvin,,,false,,,http://ecoinformatics.org/oboe/oboe.1.2/oboe-core.owl#BaseUnit,,,,,,,,,,,,,,,,Kelvin,,,,,,,,,,,,,,,,,,,,,
http://ecoinformatics.org/oboe/oboe.1.2/oboe-standards.owl#MileToMeter,MileToMeter,,,false,,,http://ecoinformatics.org/oboe/oboe.1.2/oboe-core.owl#UnitConversion,,,,,,,,,,,,,,,,MileToMeter,,,,,,,,,,,,,,,,,,,,,
http://ecoinformatics.org/oboe/oboe.1.2/oboe-standards.owl#YardIndian,YardIndian,,,false,,,http://ecoinformatics.org/oboe/oboe.1.2/oboe-core.owl#BaseUnit,,,,,,,,,,,,,,,,YardIndian,,,,,,,,,,,,,,,,,,,,,
http://ecoinformatics.org/oboe/oboe.1.2/oboe-standards.owl#QuartToLiter,QuartToLiter,,,false,,,http://ecoinformatics.org/oboe/oboe.1.2/oboe-core.owl#UnitConversion,,,,,,,,,,,,,,,,QuartToLiter,,,,,,,,,,,,,,,,,,,,,
http://ecoinformatics.org/oboe/oboe.1.2/oboe-standards.owl#Second,Second,,,false,,,http://ecoinformatics.org/oboe/oboe.1.2/oboe-core.owl#BaseUnit,,,,,,,,,,,,,,,,Second,,,,,,,,,,,,,,,,,,,,,
http://ecoinformatics.org/oboe/oboe.1.2/oboe-standards.owl#CentimeterSquared,CentimeterSquared,,,false,,,http://ecoinformatics.org/oboe/oboe.1.2/oboe-core.owl#DerivedUnit,,,,,,,,,,,,,,,,CentimeterSquared,,,,,,,,,,,,,,,,,,,,,
http://ecoinformatics.org/oboe/oboe.1.2/oboe-standards.owl#Gram,Gram,,,false,,,http://ecoinformatics.org/oboe/oboe.1.2/oboe-core.owl#BaseUnit,,,,,,,,,,,,,,,,Gram,,,,,,,,,,,,,,,,,,,,,
http://ecoinformatics.org/oboe/oboe.1.2/oboe-core.owl#CompositeCharacteristicQualifier,Composite Characteristic Qualifier,,"A composite qualifier combines multiple qualifiers. Each composite qualifier has a base qualifier and a reference to another qualifier. Composite qualifiers are ordered (through hasNextQualifier) to distinguish between the scope of qualifiers, e.g., AverageMinimum versus MinimumAverage.",false,,,http://ecoinformatics.org/oboe/oboe.1.2/oboe-core.owl#CharacteristicQualifier,,,,,,,,,,,,,,,,oboe-core:CompositeCharacteristicQualifier,,,,,,,,,,,,,,,,,,,,,
http://ecoinformatics.org/oboe/oboe.1.2/oboe-characteristics.owl#AmountOfSubstanceMass,AmountOfSubstanceMass,,,false,,,http://ecoinformatics.org/oboe/oboe.1.2/oboe-core.owl#MeasuredCharacteristic,,,,,,,,,,,,,,,,AmountOfSubstanceMass,,,,,,,,,,,,,,,,,,,,,
http://ecoinformatics.org/oboe/oboe.1.2/oboe-characteristics.owl#ArealMassDensity,ArealMassDensity,,,false,,,http://ecoinformatics.org/oboe/oboe.1.2/oboe-core.owl#MeasuredCharacteristic,,,,,,,,,,,,,,,,oboe-characteristics:ArealMassDensity|ArealMassDensity,,,,,,,,,,,,,,,,,,,,,
http://ecoinformatics.org/oboe/oboe.1.2/oboe-standards.owl#Microsecond,Microsecond,,,false,,,http://ecoinformatics.org/oboe/oboe.1.2/oboe-core.owl#BaseUnit,,,,,,,,,,,,,,,,Microsecond,,,,,,,,,,,,,,,,,,,,,
http://ecoinformatics.org/oboe/oboe.1.2/oboe-characteristics.owl#AmountOfSubstanceWeightFlux,AmountOfSubstanceWeightFlux,,,false,,,http://ecoinformatics.org/oboe/oboe.1.2/oboe-core.owl#MeasuredCharacteristic,,,,,,,,,,,,,,,,AmountOfSubstanceWeightFlux,,,,,,,,,,,,,,,,,,,,,
http://ecoinformatics.org/oboe/oboe.1.2/oboe-characteristics.owl#Resistance,Resistance,,,false,,,http://ecoinformatics.org/oboe/oboe.1.2/oboe-core.owl#MeasuredCharacteristic,,,,,,,,,,,,,,,,Resistance,,,,,,,,,,,,,,,,,,,,,
http://ecoinformatics.org/oboe/oboe.1.2/oboe-standards.owl#MilligramPerMeterCubed,MilligramPerMeterCubed,,,false,,,http://ecoinformatics.org/oboe/oboe.1.2/oboe-core.owl#CompositeUnit,,,,,,,,,,,,,http://ecoinformatics.org/oboe/oboe.1.2/oboe-standards.owl#Milligram,,,MilligramPerMeterCubed,,,,,,,,,,,,,,,,,,,,,
http://ecoinformatics.org/oboe/oboe.1.2/oboe-standards.owl#KilosecondToSecond,KilosecondToSecond,,,false,,,http://ecoinformatics.org/oboe/oboe.1.2/oboe-core.owl#UnitConversion,,,,,,,,,,,,,,,,KilosecondToSecond,,,,,,,,,,,,,,,,,,,,,
http://ecoinformatics.org/oboe/oboe.1.2/oboe-characteristics.owl#VolumetricDensity,VolumetricDensity,,,false,,,http://ecoinformatics.org/oboe/oboe.1.2/oboe-core.owl#MeasuredCharacteristic,,,,,,,,,,,,,,,,VolumetricDensity,,,,,,,,,,,,,,,,,,,,,
http://ecoinformatics.org/oboe/oboe.1.2/oboe-characteristics.owl#CatalyticActivity,CatalyticActivity,,,false,,,http://ecoinformatics.org/oboe/oboe.1.2/oboe-core.owl#MeasuredCharacteristic,,,,,,,,,,,,,,,,CatalyticActivity,,,,,,,,,,,,,,,,,,,,,
http://ecoinformatics.org/oboe/oboe.1.2/oboe-core.owl#Characteristic,Characteristic,,"A characteristic represents a property of an entity that can be measured (e.g., height, length, or color).  A characteristic of an entity is observed through a measurement, which further asserts a value of the characteristic for the entity. A characteristic type (e.g., ""height"") can be associated with many different entities, whereas an individual characteristic (a particular occurrence of the ""height"" characteristic) is associated to exactly one entity.",false,,,http://www.w3.org/2002/07/owl#Thing,http://ecoinformatics.org/oboe/oboe.1.2/oboe-core.owl#Entity,,,,,,,,,,,,,,,oboe-core:Characteristic,,,,,,,,,,,,,,,,,,,,,
http://ecoinformatics.org/oboe/oboe.1.2/oboe-standards.owl#MolePerLiter,MolePerLiter,,,false,,,http://ecoinformatics.org/oboe/oboe.1.2/oboe-core.owl#CompositeUnit,,,,,,,,,,,,,http://ecoinformatics.org/oboe/oboe.1.2/oboe-standards.owl#Mole,,,MolePerLiter,,,,,,,,,,,,,,,,,,,,,
http://ecoinformatics.org/oboe/oboe.1.2/oboe-standards.owl#Megasecond,Megasecond,,,false,,,http://ecoinformatics.org/oboe/oboe.1.2/oboe-core.owl#BaseUnit,,,,,,,,,,,,,,,,Megasecond,,,,,,,,,,,,,,,,,,,,,
http://ecoinformatics.org/oboe/oboe.1.2/oboe-standards.owl#MeterSquared,MeterSquared,,,false,,,http://ecoinformatics.org/oboe/oboe.1.2/oboe-core.owl#DerivedUnit,,,,,,,,,,,,,,,,MeterSquared,,,,,,,,,,,,,,,,,,,,,
http://ecoinformatics.org/oboe/oboe.1.2/oboe-standards.owl#NominalLeapYearToSecond,NominalLeapYearToSecond,,,false,,,http://ecoinformatics.org/oboe/oboe.1.2/oboe-core.owl#UnitConversion,,,,,,,,,,,,,,,,NominalLeapYearToSecond,,,,,,,,,,,,,,,,,,,,,
http://ecoinformatics.org/oboe/oboe.1.2/oboe-standards.owl#Mole,Mole,,,false,,,http://ecoinformatics.org/oboe/oboe.1.2/oboe-core.owl#BaseUnit,,,,,,,,,,,,,,,,Mole,,,,,,,,,,,,,,,,,,,,,
http://ecoinformatics.org/oboe/oboe.1.2/oboe-characteristics.owl#Charge,Charge,,,false,,,http://ecoinformatics.org/oboe/oboe.1.2/oboe-core.owl#MeasuredCharacteristic,,,,,,,,,,,,,,,,Charge,,,,,,,,,,,,,,,,,,,,,
http://ecoinformatics.org/oboe/oboe.1.2/oboe-core.owl#DerivedUnit,Derived Unit,,"A derived unit raises a base or prefixed unit to an integer power other than 0 or 1. For example, the unit 'square meter' is a unit derived from the 'meter' base unit raised to the power 2. As another example, a 'square centimeter' is a unit derived from the 'centimeter' prefixed unit raised to the power 2.

BRL 20160601: I removed this restriction so that CompositeUnits like XXXPerLiter would not reason to owl:Nothing. hasUnit exactly 1 (BaseUnit or PrefixedUnit)",false,,,http://ecoinformatics.org/oboe/oboe.1.2/oboe-core.owl#Unit,,,,,,,,,,,,,,,,oboe-core:DerivedUnit,,,,,,,,,,,,,,,,,,,,,
http://ecoinformatics.org/oboe/oboe.1.2/oboe-characteristics.owl#SpecificVolume,SpecificVolume,,,false,,,http://ecoinformatics.org/oboe/oboe.1.2/oboe-core.owl#MeasuredCharacteristic,,,,,,,,,,,,,,,,SpecificVolume,,,,,,,,,,,,,,,,,,,,,
http://ecoinformatics.org/oboe/oboe.1.2/oboe-standards.owl#Candela,Candela,,"The candela is the SI base unit of luminous intensity, i.e., the power emitted by a light source in a particular direction, weighted by the luminosity function (a standardized model of the sensitivity of the human eye to different wavelengths).",false,,,http://ecoinformatics.org/oboe/oboe.1.2/oboe-core.owl#BaseUnit,,,,,,,,,,,,,,,,Candela,,,,,,,,,,,,,,,,,,,,,
http://ecoinformatics.org/oboe/oboe.1.2/oboe-standards.owl#NauticalMile,NauticalMile,,,false,,,http://ecoinformatics.org/oboe/oboe.1.2/oboe-core.owl#BaseUnit,,,,,,,,,,,,,,,,NauticalMile,,,,,,,,,,,,,,,,,,,,,
http://ecoinformatics.org/oboe/oboe.1.2/oboe-standards.owl#HectometerToMeter,HectometerToMeter,,,false,,,http://ecoinformatics.org/oboe/oboe.1.2/oboe-core.owl#UnitConversion,,,,,,,,,,,,,,,,HectometerToMeter,,,,,,,,,,,,,,,,,,,,,
http://ecoinformatics.org/oboe/oboe.1.2/oboe-standards.owl#CelsiusToKelvin,CelsiusToKelvin,,,false,,,http://ecoinformatics.org/oboe/oboe.1.2/oboe-core.owl#UnitConversion,,,,,,,,,,,,,,,,CelsiusToKelvin,,,,,,,,,,,,,,,,,,,,,
http://ecoinformatics.org/oboe/oboe.1.2/oboe-standards.owl#MilliliterPerLIter,MilliliterPerLIter,,A unit of concentration used for liquid-liquid solutions or for mixtures of gasses and of gasses and liquids.,false,,,http://ecoinformatics.org/oboe/oboe.1.2/oboe-core.owl#CompositeUnit,,,,,,,,,,,,,http://ecoinformatics.org/oboe/oboe.1.2/oboe-standards.owl#Milliliter,,,MilliliterPerLIter,,,,,,,,,,,,,,,,,,,,,
http://ecoinformatics.org/oboe/oboe.1.2/oboe-characteristics.owl#MagneticFlux,MagneticFlux,,,false,,,http://ecoinformatics.org/oboe/oboe.1.2/oboe-core.owl#MeasuredCharacteristic,,,,,,,,,,,,,,,,MagneticFlux,,,,,,,,,,,,,,,,,,,,,
http://ecoinformatics.org/oboe/oboe.1.2/oboe-characteristics.owl#SpecificEnergy,SpecificEnergy,,,false,,,http://ecoinformatics.org/oboe/oboe.1.2/oboe-core.owl#MeasuredCharacteristic,,,,,,,,,,,,,,,,SpecificEnergy,,,,,,,,,,,,,,,,,,,,,
http://ecoinformatics.org/oboe/oboe.1.2/oboe-standards.owl#Number,Number,,,false,,,http://ecoinformatics.org/oboe/oboe.1.2/oboe-core.owl#BaseUnit,,,,,,,,,,,,,,,,Number,,,,,,,,,,,,,,,,,,,,,
http://ecoinformatics.org/oboe/oboe.1.2/oboe-core.owl#CategoricalStandard,CategoricalStandard,,,false,,,http://ecoinformatics.org/oboe/oboe.1.2/oboe-core.owl#Standard,,,,,,,,,,,,,,,,oboe-core:CategoricalStandard,,,,,,,,,,,,,,,,,,,,,
http://ecoinformatics.org/oboe/oboe.1.2/oboe-standards.owl#DecimeterToMeter,DecimeterToMeter,,,false,,,http://ecoinformatics.org/oboe/oboe.1.2/oboe-core.owl#UnitConversion,,,,,,,,,,,,,,,,DecimeterToMeter,,,,,,,,,,,,,,,,,,,,,
http://ecoinformatics.org/oboe/oboe.1.2/oboe-standards.owl#MicrometerSquared,MicrometerSquared,,,false,,,http://ecoinformatics.org/oboe/oboe.1.2/oboe-core.owl#DerivedUnit,,,,,,,,,,,,,,,,MicrometerSquared,,,,,,,,,,,,,,,,,,,,,
http://ecoinformatics.org/oboe/oboe.1.2/oboe-standards.owl#Degree,Degree,,,false,,,http://ecoinformatics.org/oboe/oboe.1.2/oboe-core.owl#BaseUnit,,,,,,,,,,,,,,,,Degree,,,,,,,,,,,,,,,,,,,,,
http://ecoinformatics.org/oboe/oboe.1.2/oboe-standards.owl#Milligram,Milligram,,,false,,,http://ecoinformatics.org/oboe/oboe.1.2/oboe-core.owl#BaseUnit,,,,,,,,,,,,,,,,Milligram,,,,,,,,,,,,,,,,,,,,,
http://ecoinformatics.org/oboe/oboe.1.2/oboe-characteristics.owl#PhotonFluxDensity,PhotonFluxDensity,,The number of photons striking an area per unit time.  This could be probably also be called a PhotonArealDensityRate.,false,,,http://ecoinformatics.org/oboe/oboe.1.2/oboe-core.owl#MeasuredCharacteristic,,,,,,,,,,,,,,,,oboe-characteristics:PhotonFluxDensity|PhotonFluxDensity,,,,,,,,,,,,,,,,,,,,,
http://ecoinformatics.org/oboe/oboe.1.2/oboe-characteristics.owl#MassDensity,MassDensity,,,false,,,http://ecoinformatics.org/oboe/oboe.1.2/oboe-core.owl#MeasuredCharacteristic,,,,,,,,,,,,,,,,oboe-characteristics:MassDensity|MassDensity,,,,,,,,,,,,,,,,,,,,,
http://ecoinformatics.org/oboe/oboe.1.2/oboe-core.owl#MeasuredCharacteristic,Measured Characteristic,,"A measured characteristic of an entity is one that is measurable within the physical world. A measured characteristic includes primary and derived physical dimensions (e.g., length, mass, area, density). The measured value assigned to a measured characteristic may be a quantity (a numerical value) or a quality (a category), including both nominal and ordinal categories.",false,,,http://ecoinformatics.org/oboe/oboe.1.2/oboe-core.owl#Characteristic,,,,,,,,,,,,,,,,oboe-core:MeasuredCharacteristic,,,,,,,,,,,,,,,,,,,,,
http://ecoinformatics.org/oboe/oboe.1.2/oboe-core.owl#Index,Index,,,false,,,http://ecoinformatics.org/oboe/oboe.1.2/oboe-core.owl#Standard,,,,,,,,,,,,,,,,oboe-core:Index,,,,,,,,,,,,,,,,,,,,,
http://ecoinformatics.org/oboe/oboe.1.2/oboe-characteristics.owl#Luminance,Luminance,,"Luminance is a photometric measure of the luminous intensity per unit area of light  travelling in a given direction. It describes the amount of light that passes through or is emitted from a particular area, and falls within a given solid angle. The SI unit for luminance is candela per square metre (cd/m2).",false,,,http://ecoinformatics.org/oboe/oboe.1.2/oboe-core.owl#MeasuredCharacteristic,,,,,,,,,,,,,,,,Luminance,,,,,,,,,,,,,,,,,,,,,
http://ecoinformatics.org/oboe/oboe.1.2/oboe-standards.owl#Becquerel,Becquerel,,,false,,,http://ecoinformatics.org/oboe/oboe.1.2/oboe-core.owl#DerivedUnit,,,,,,,,,,,,,,,,Becquerel,,,,,,,,,,,,,,,,,,,,,
http://ecoinformatics.org/oboe/oboe.1.2/oboe-standards.owl#Radian,Radian,,,false,,,http://ecoinformatics.org/oboe/oboe.1.2/oboe-core.owl#BaseUnit,,,,,,,,,,,,,,,,Radian,,,,,,,,,,,,,,,,,,,,,
http://ecoinformatics.org/oboe/oboe.1.2/oboe-standards.owl#Foot,Foot,,,false,,,http://ecoinformatics.org/oboe/oboe.1.2/oboe-core.owl#BaseUnit,,,,,,,,,,,,,,,,Foot,,,,,,,,,,,,,,,,,,,,,
http://ecoinformatics.org/oboe/oboe.1.2/oboe-standards.owl#InchCubed,InchCubed,,,false,,,http://ecoinformatics.org/oboe/oboe.1.2/oboe-core.owl#DerivedUnit,,,,,,,,,,,,,,,,InchCubed,,,,,,,,,,,,,,,,,,,,,
http://ecoinformatics.org/oboe/oboe.1.2/oboe-core.owl#BaseCharacteristicQualifier,Base Characteristic Qualifier,,"A base qualifier denotes a simple, atomic qualifier such as average, minimum, and maximum.",false,,,http://ecoinformatics.org/oboe/oboe.1.2/oboe-core.owl#CharacteristicQualifier,,,,,,,,,,,,,,,,oboe-core:BaseCharacteristicQualifier,,,,,,,,,,,,,,,,,,,,,
http://ecoinformatics.org/oboe/oboe.1.2/oboe-standards.owl#NominalLeapYear,NominalLeapYear,,,false,,,http://ecoinformatics.org/oboe/oboe.1.2/oboe-core.owl#BaseUnit,,,,,,,,,,,,,,,,NominalLeapYear,,,,,,,,,,,,,,,,,,,,,
http://ecoinformatics.org/oboe/oboe.1.2/oboe-characteristics.owl#Illuminance,Illuminance,,,false,,,http://ecoinformatics.org/oboe/oboe.1.2/oboe-core.owl#MeasuredCharacteristic,,,,,,,,,,,,,,,,Illuminance,,,,,,,,,,,,,,,,,,,,,
http://ecoinformatics.org/oboe/oboe.1.2/oboe-characteristics.owl#SpecificArea,SpecificArea,,,false,,,http://ecoinformatics.org/oboe/oboe.1.2/oboe-core.owl#MeasuredCharacteristic,,,,,,,,,,,,,,,,SpecificArea,,,,,,,,,,,,,,,,,,,,,
http://ecoinformatics.org/oboe/oboe.1.2/oboe-standards.owl#NominalDayToSecond,NominalDayToSecond,,,false,,,http://ecoinformatics.org/oboe/oboe.1.2/oboe-core.owl#UnitConversion,,,,,,,,,,,,,,,,NominalDayToSecond,,,,,,,,,,,,,,,,,,,,,
http://ecoinformatics.org/oboe/oboe.1.2/oboe-standards.owl#NominalDay,NominalDay,,,false,,,http://ecoinformatics.org/oboe/oboe.1.2/oboe-core.owl#BaseUnit,,,,,,,,,,,,,,,,NominalDay,,,,,,,,,,,,,,,,,,,,,
http://ecoinformatics.org/oboe/oboe.1.2/oboe-standards.owl#CentimeterToMeter,CentimeterToMeter,,,false,,,http://ecoinformatics.org/oboe/oboe.1.2/oboe-core.owl#UnitConversion,,,,,,,,,,,,,,,,CentimeterToMeter,,,,,,,,,,,,,,,,,,,,,
http://ecoinformatics.org/oboe/oboe.1.2/oboe-standards.owl#Milliliter,Milliliter,,,false,,,http://ecoinformatics.org/oboe/oboe.1.2/oboe-core.owl#DerivedUnit,,,,,,,,,,,,,,,,Milliliter,,,,,,,,,,,,,,,,,,,,,
http://ecoinformatics.org/oboe/oboe.1.2/oboe-characteristics.owl#Luminosity,Luminosity,,,false,,,http://ecoinformatics.org/oboe/oboe.1.2/oboe-core.owl#MeasuredCharacteristic,,,,,,,,,,,,,,,,Luminosity|oboe-characteristics:Luminosity,,,,,,,,,,,,,,,,,,,,,
http://ecoinformatics.org/oboe/oboe.1.2/oboe-standards.owl#MicrogramToKilogram,MicrogramToKilogram,,,false,,,http://ecoinformatics.org/oboe/oboe.1.2/oboe-core.owl#UnitConversion,,,,,,,,,,,,,,,,MicrogramToKilogram,,,,,,,,,,,,,,,,,,,,,
http://ecoinformatics.org/oboe/oboe.1.2/oboe-characteristics.owl#VolumetricMassDensityRate,VolumetricMassDensityRate,,,false,,,http://ecoinformatics.org/oboe/oboe.1.2/oboe-core.owl#MeasuredCharacteristic,,,,,,,,,,,,,,,,VolumetricMassDensityRate|oboe-characteristics:VolumetricMassDensityRate,,,,,,,,,,,,,,,,,,,,,
http://ecoinformatics.org/oboe/oboe.1.2/oboe-standards.owl#TonneToKilogram,TonneToKilogram,,,false,,,http://ecoinformatics.org/oboe/oboe.1.2/oboe-core.owl#UnitConversion,,,,,,,,,,,,,,,,TonneToKilogram,,,,,,,,,,,,,,,,,,,,,
http://ecoinformatics.org/oboe/oboe.1.2/oboe-standards.owl#YardSquared,YardSquared,,,false,,,http://ecoinformatics.org/oboe/oboe.1.2/oboe-core.owl#DerivedUnit,,,,,,,,,,,,,,,,YardSquared,,,,,,,,,,,,,,,,,,,,,
http://ecoinformatics.org/oboe/oboe.1.2/oboe-standards.owl#Newton,Newton,,"The newton is the unit of force derived in the SI system; it is equal to the amount of net force required to accelerate a mass of one kilogram at a rate of one meter per second per second. 
1 N = kg  m  s-2",false,,,http://ecoinformatics.org/oboe/oboe.1.2/oboe-core.owl#CompositeUnit,,,,,,,,,,,,,http://ecoinformatics.org/oboe/oboe.1.2/oboe-standards.owl#Kilogram,,,Newton,,,,,,,,,,,,,,,,,,,,,
http://ecoinformatics.org/oboe/oboe.1.2/oboe-characteristics.owl#Force,Force,,,false,,,http://ecoinformatics.org/oboe/oboe.1.2/oboe-core.owl#MeasuredCharacteristic,,,,,,,,,,,,,,,,oboe-characteristics:Force|Force,,,,,,,,,,,,,,,,,,,,,
http://ecoinformatics.org/oboe/oboe.1.2/oboe-characteristics.owl#AmountOfSubstanceConcentration,AmountOfSubstanceConcentration,,,false,,,http://ecoinformatics.org/oboe/oboe.1.2/oboe-core.owl#MeasuredCharacteristic,,,,,,,,,,,,,,,,oboe-characteristics:AmountOfSubstanceConcentration|AmountOfSubstanceConcentration,,,,,,,,,,,,,,,,,,,,,
http://ecoinformatics.org/oboe/oboe.1.2/oboe-standards.owl#Micron,Micron,,,false,,,http://ecoinformatics.org/oboe/oboe.1.2/oboe-core.owl#BaseUnit,,,,,,,,,,,,,,,,Micron,,,,,,,,,,,,,,,,,,,,,
http://ecoinformatics.org/oboe/oboe.1.2/oboe-standards.owl#Siemens,Siemens,,"The siemens (symbol: S) is the SI derived unit of electric conductance and electric admittance. Conductance and admittance are the reciprocals of resistance and impedance respectively, hence one siemens is equal to the reciprocal of one ohm, and is sometimes referred to as the mho. It is named after the German inventor and industrialist Ernst Werner von Siemens. In English, the term siemens is used both for the singular and plural. The 14th General Conference on Weights and Measures approved the addition of the siemens as an SI derived unit in 1971.

It is a composite unit in OBOE because it is composed of 2 base units, and OBOE-derived units are a single base unit raised to a power.

a siemens is Ampere/volt",false,,,http://ecoinformatics.org/oboe/oboe.1.2/oboe-core.owl#DerivedUnit,,,,,,,,,,,,,,,,Siemens,,,,,,,,,,,,,,,,,,,,,
http://ecoinformatics.org/oboe/oboe.1.2/oboe-standards.owl#WattPerMeterSquaredPerSteradian,WattPerMeterSquaredPerSteradian,,,false,,,http://ecoinformatics.org/oboe/oboe.1.2/oboe-core.owl#CompositeUnit,,,,,,,,,,,,,,,,WattPerMeterSquaredPerSteradian,,,,,,,,,,,,,,,,,,,,,
http://ecoinformatics.org/oboe/oboe.1.2/oboe-standards.owl#KilogramPerMeterCubed,KilogramPerMeterCubed,,,false,,,http://ecoinformatics.org/oboe/oboe.1.2/oboe-core.owl#CompositeUnit,,,,,,,,,,,,,http://ecoinformatics.org/oboe/oboe.1.2/oboe-standards.owl#Kilogram,,,KilogramPerMeterCubed,,,,,,,,,,,,,,,,,,,,,
http://ecoinformatics.org/oboe/oboe.1.2/oboe-characteristics.owl#Length,Length,,,false,,,http://ecoinformatics.org/oboe/oboe.1.2/oboe-core.owl#MeasuredCharacteristic,,,,,,,,,,,,,,,,Length|oboe-characteristics:Length,,,,,,,,,,,,,,,,,,,,,
http://ecoinformatics.org/oboe/oboe.1.2/oboe-standards.owl#GramPerGram,GramPerGram,,,false,,,http://ecoinformatics.org/oboe/oboe.1.2/oboe-core.owl#CompositeUnit,,,,,,,,,,,,,http://ecoinformatics.org/oboe/oboe.1.2/oboe-standards.owl#Gram,,,GramPerGram,,,,,,,,,,,,,,,,,,,,,
http://ecoinformatics.org/oboe/oboe.1.2/oboe-standards.owl#Microliter,Microliter,,,false,,,http://ecoinformatics.org/oboe/oboe.1.2/oboe-core.owl#DerivedUnit,,,,,,,,,,,,,,,,Microliter,,,,,,,,,,,,,,,,,,,,,
http://ecoinformatics.org/oboe/oboe.1.2/oboe-standards.owl#Kiloliter,Kiloliter,,,false,,,http://ecoinformatics.org/oboe/oboe.1.2/oboe-core.owl#DerivedUnit,,,,,,,,,,,,,,,,Kiloliter,,,,,,,,,,,,,,,,,,,,,
http://ecoinformatics.org/oboe/oboe.1.2/oboe-core.owl#PrefixedUnit,PrefixedUnit,,"A prefixed unit consists of a base unit and a prefix integer value that serves as a multiplier. For example, a centimeter is a prefixed unit that combines a meter base unit and the prefix multiplier 0.01 such that one centimeter is equivalent to 0.01 meters.
",false,,,http://ecoinformatics.org/oboe/oboe.1.2/oboe-core.owl#Unit,,,,,,,,,,,,,,,,oboe-core:PrefixedUnit,,,,,,,,,,,,,,,,,,,,,
http://ecoinformatics.org/oboe/oboe.1.2/oboe-standards.owl#PartPerThousand,PartPerThousand,,,false,,,http://ecoinformatics.org/oboe/oboe.1.2/oboe-core.owl#BaseUnit,,,,,,,,,,,,,,,,PartPerThousand,,,,,,,,,,,,,,,,,,,,,
http://ecoinformatics.org/oboe/oboe.1.2/oboe-standards.owl#Hectopascal,Hectopascal,,Unit of pressures often used in meteorology. One hectopascal is equivalent to one millibar; one standard atmosphere is exactly equal to 1013.25 hPa. One hectopascal corresponds to about 0.1% of atmospheric pressure near sea level (Wikipedia).,false,,,http://ecoinformatics.org/oboe/oboe.1.2/oboe-core.owl#BaseUnit,,,,,,,,,,,,,,,,Hectopascal,,,,,,,,,,,,,,,,,,,,,
http://ecoinformatics.org/oboe/oboe.1.2/oboe-core.owl#CharacteristicQualifier,Characteristic Qualifier,,"A characteristic qualifier is a derived property of an entity that must be combined with concrete characteristics to be used in a measurement. A qualifier is either a base (atomic) or composite qualifier. As an example, the base qualifier minimum can be combined with a characteristic length to create a minimum length qualified characteristic. A composite qualifer is used to combine multiple qualifiers.",false,,,http://www.w3.org/2002/07/owl#Thing,,,,,,,,,,,,,,,,oboe-core:CharacteristicQualifier,,,,,,,,,,,,,,,,,,,,,
http://ecoinformatics.org/oboe/oboe.1.2/oboe-characteristics.owl#RadionucleotideActivity,RadionucleotideActivity,,,false,,,http://ecoinformatics.org/oboe/oboe.1.2/oboe-core.owl#MeasuredCharacteristic,,,,,,,,,,,,,,,,oboe-characteristics:RadionucleotideActivity|RadionucleotideActivity,,,,,,,,,,,,,,,,,,,,,
http://ecoinformatics.org/oboe/oboe.1.2/oboe-standards.owl#NanogramToKilogram,NanogramToKilogram,,,false,,,http://ecoinformatics.org/oboe/oboe.1.2/oboe-core.owl#UnitConversion,,,,,,,,,,,,,,,,NanogramToKilogram,,,,,,,,,,,,,,,,,,,,,
http://ecoinformatics.org/oboe/oboe.1.2/oboe-standards.owl#MegameterToMeter,MegameterToMeter,,,false,,,http://ecoinformatics.org/oboe/oboe.1.2/oboe-core.owl#UnitConversion,,,,,,,,,,,,,,,,MegameterToMeter,,,,,,,,,,,,,,,,,,,,,
http://ecoinformatics.org/oboe/oboe.1.2/oboe-standards.owl#Millimeter,Millimeter,,,false,,,http://ecoinformatics.org/oboe/oboe.1.2/oboe-core.owl#BaseUnit,,,,,,,,,,,,,,,,Millimeter,,,,,,,,,,,,,,,,,,,,,
http://ecoinformatics.org/oboe/oboe.1.2/oboe-standards.owl#Kilogram,Kilogram,,,false,,,http://ecoinformatics.org/oboe/oboe.1.2/oboe-core.owl#BaseUnit,,,,,,,,,,,,,,,,Kilogram,,,,,,,,,,,,,,,,,,,,,
http://ecoinformatics.org/oboe/oboe.1.2/oboe-standards.owl#FathomToMeter,FathomToMeter,,,false,,,http://ecoinformatics.org/oboe/oboe.1.2/oboe-core.owl#UnitConversion,,,,,,,,,,,,,,,,FathomToMeter,,,,,,,,,,,,,,,,,,,,,
http://ecoinformatics.org/oboe/oboe.1.2/oboe-characteristics.owl#MassSpecificCount,MassSpecificCount,,,false,,,http://ecoinformatics.org/oboe/oboe.1.2/oboe-core.owl#MeasuredCharacteristic,,,,,,,,,,,,,,,,MassSpecificCount,,,,,,,,,,,,,,,,,,,,,
http://ecoinformatics.org/oboe/oboe.1.2/oboe-standards.owl#WattPerMeterSquared,WattPerMeterSquared,,,false,,,http://ecoinformatics.org/oboe/oboe.1.2/oboe-core.owl#CompositeUnit,,,,,,,,,,,,,,,,WattPerMeterSquared,,,,,,,,,,,,,,,,,,,,,
http://ecoinformatics.org/oboe/oboe.1.2/oboe-characteristics.owl#SpectralIrradiance,SpectralIrradiance,,"Irradiance, radiant emittance, and radiant exitance are radiometry terms for the power per unit area of electromagnetic radiation  at a surface. ""Irradiance"" is used when the electromagnetic radiation is incident on the surface. ""Radiant exitance"" or ""radiant emittance"" is used when the radiation is emerging from the surface. The SI units for all of these quantities are watts per square meter (W/m2) (wikipedia).  All of these quantities characterize the total amount of radiation present, at all frequencies. It is also common to consider each frequency in the spectrum separately. When this is done for radiation incident on a surface, it is called spectral irradiance, and has SI units W/m3, or commonly W·m−2·nm−1.",false,,,http://ecoinformatics.org/oboe/oboe.1.2/oboe-characteristics.owl#Irradiance,,,,,,,,,,,,,,,,SpectralIrradiance,,,,,,,,,,,,,,,,,,,,,
http://ecoinformatics.org/oboe/oboe.1.2/oboe-standards.owl#MillimolePerLiter,MillimolePerLiter,,,false,,,http://ecoinformatics.org/oboe/oboe.1.2/oboe-core.owl#CompositeUnit,,,,,,,,,,,,,,,,MillimolePerLiter,,,,,,,,,,,,,,,,,,,,,
http://ecoinformatics.org/oboe/oboe.1.2/oboe-standards.owl#Millihertz,Millihertz,,,false,,,http://ecoinformatics.org/oboe/oboe.1.2/oboe-core.owl#DerivedUnit,,,,,,,,,,,,,,,,Millihertz,,,,,,,,,,,,,,,,,,,,,
http://ecoinformatics.org/oboe/oboe.1.2/oboe-standards.owl#NanometerToMeter,NanometerToMeter,,,false,,,http://ecoinformatics.org/oboe/oboe.1.2/oboe-core.owl#UnitConversion,,,,,,,,,,,,,,,,NanometerToMeter,,,,,,,,,,,,,,,,,,,,,
http://ecoinformatics.org/oboe/oboe.1.2/oboe-standards.owl#Decigram,Decigram,,,false,,,http://ecoinformatics.org/oboe/oboe.1.2/oboe-core.owl#BaseUnit,,,,,,,,,,,,,,,,Decigram,,,,,,,,,,,,,,,,,,,,,
http://ecoinformatics.org/oboe/oboe.1.2/oboe-standards.owl#LiterToMeterCubed,LiterToMeterCubed,,,false,,,http://ecoinformatics.org/oboe/oboe.1.2/oboe-core.owl#UnitConversion,,,,,,,,,,,,,,,,LiterToMeterCubed,,,,,,,,,,,,,,,,,,,,,
http://ecoinformatics.org/oboe/oboe.1.2/oboe-standards.owl#FootGoldCoast,FootGoldCoast,,,false,,,http://ecoinformatics.org/oboe/oboe.1.2/oboe-core.owl#BaseUnit,,,,,,,,,,,,,,,,FootGoldCoast,,,,,,,,,,,,,,,,,,,,,
http://ecoinformatics.org/oboe/oboe.1.2/oboe-characteristics.owl#Power,Power,,,false,,,http://ecoinformatics.org/oboe/oboe.1.2/oboe-core.owl#MeasuredCharacteristic,,,,,,,,,,,,,,,,Power,,,,,,,,,,,,,,,,,,,,,
http://ecoinformatics.org/oboe/oboe.1.2/oboe-standards.owl#Micrometer,Micrometer,,,false,,,http://ecoinformatics.org/oboe/oboe.1.2/oboe-core.owl#BaseUnit,,,,,,,,,,,,,,,,Micrometer,,,,,,,,,,,,,,,,,,,,,
http://ecoinformatics.org/oboe/oboe.1.2/oboe-standards.owl#CentisecondToSecond,CentisecondToSecond,,,false,,,http://ecoinformatics.org/oboe/oboe.1.2/oboe-core.owl#UnitConversion,,,,,,,,,,,,,,,,CentisecondToSecond,,,,,,,,,,,,,,,,,,,,,
http://ecoinformatics.org/oboe/oboe.1.2/oboe-characteristics.owl#Speed,Speed,,,false,,,http://ecoinformatics.org/oboe/oboe.1.2/oboe-core.owl#MeasuredCharacteristic,,,,,,,,,,,,,,,,oboe-characteristics:Speed|Speed,,,,,,,,,,,,,,,,,,,,,
http://ecoinformatics.org/oboe/oboe.1.2/oboe-standards.owl#PintToLiter,PintToLiter,,,false,,,http://ecoinformatics.org/oboe/oboe.1.2/oboe-core.owl#UnitConversion,,,,,,,,,,,,,,,,PintToLiter,,,,,,,,,,,,,,,,,,,,,
http://ecoinformatics.org/oboe/oboe.1.2/oboe-standards.owl#Mile,Mile,,,false,,,http://ecoinformatics.org/oboe/oboe.1.2/oboe-core.owl#BaseUnit,,,,,,,,,,,,,,,,Mile,,,,,,,,,,,,,,,,,,,,,
http://ecoinformatics.org/oboe/oboe.1.2/oboe-standards.owl#Pascal,Pascal,,"The pascal (symbol: Pa) is the SI derived unit of pressure. It is a measure of force per unit area, and defined as one newton per sqare meter.
1 Pa = N m-2",false,,,http://ecoinformatics.org/oboe/oboe.1.2/oboe-core.owl#CompositeUnit,,,,,,,,,,,,,http://ecoinformatics.org/oboe/oboe.1.2/oboe-standards.owl#Kilogram,,,Pascal,,,,,,,,,,,,,,,,,,,,,
http://ecoinformatics.org/oboe/oboe.1.2/oboe-standards.owl#MillimeterSquared,MillimeterSquared,,,false,,,http://ecoinformatics.org/oboe/oboe.1.2/oboe-core.owl#DerivedUnit,,,,,,,,,,,,,,,,MillimeterSquared,,,,,,,,,,,,,,,,,,,,,
http://ecoinformatics.org/oboe/oboe.1.2/oboe-standards.owl#Minute,Minute,,,false,,,http://ecoinformatics.org/oboe/oboe.1.2/oboe-core.owl#BaseUnit,,,,,,,,,,,,,,,,Minute,,,,,,,,,,,,,,,,,,,,,
http://ecoinformatics.org/oboe/oboe.1.2/oboe-standards.owl#PoundToKilogram,PoundToKilogram,,,false,,,http://ecoinformatics.org/oboe/oboe.1.2/oboe-core.owl#UnitConversion,,,,,,,,,,,,,,,,PoundToKilogram,,,,,,,,,,,,,,,,,,,,,
http://ecoinformatics.org/oboe/oboe.1.2/oboe-standards.owl#NominalHourToSecond,NominalHourToSecond,,,false,,,http://ecoinformatics.org/oboe/oboe.1.2/oboe-core.owl#UnitConversion,,,,,,,,,,,,,,,,NominalHourToSecond,,,,,,,,,,,,,,,,,,,,,
http://ecoinformatics.org/oboe/oboe.1.2/oboe-standards.owl#Hectometer,Hectometer,,,false,,,http://ecoinformatics.org/oboe/oboe.1.2/oboe-core.owl#BaseUnit,,,,,,,,,,,,,,,,Hectometer,,,,,,,,,,,,,,,,,,,,,
http://ecoinformatics.org/oboe/oboe.1.2/oboe-standards.owl#KilometerToMeter,KilometerToMeter,,,false,,,http://ecoinformatics.org/oboe/oboe.1.2/oboe-core.owl#UnitConversion,,,,,,,,,,,,,,,,KilometerToMeter,,,,,,,,,,,,,,,,,,,,,
http://ecoinformatics.org/oboe/oboe.1.2/oboe-standards.owl#FootGoldCoastToMeter,FootGoldCoastToMeter,,,false,,,http://ecoinformatics.org/oboe/oboe.1.2/oboe-core.owl#UnitConversion,,,,,,,,,,,,,,,,FootGoldCoastToMeter,,,,,,,,,,,,,,,,,,,,,
http://ecoinformatics.org/oboe/oboe.1.2/oboe-core.owl#Entity,Entity,,"An entity is an object (e.g., a tree, a community, an ecological process). Entities constitute the foci of observations, i.e., every observation is of exactly one entity.",false,,,http://www.w3.org/2002/07/owl#Thing,,,,,,,,,,,,,,,,oboe-core:Entity,,,,,,,,,,,,,,,,,,,,,
http://ecoinformatics.org/oboe/oboe.1.2/oboe-characteristics.owl#MagneticFieldStrength,MagneticFieldStrength,,,false,,,http://ecoinformatics.org/oboe/oboe.1.2/oboe-core.owl#MeasuredCharacteristic,,,,,,,,,,,,,,,,MagneticFieldStrength,,,,,,,,,,,,,,,,,,,,,
http://ecoinformatics.org/oboe/oboe.1.2/oboe-standards.owl#AcreToSquareMeter,AcreToSquareMeter,,,false,,,http://ecoinformatics.org/oboe/oboe.1.2/oboe-core.owl#UnitConversion,,,,,,,,,,,,,,,,AcreToSquareMeter,,,,,,,,,,,,,,,,,,,,,
http://ecoinformatics.org/oboe/oboe.1.2/oboe-standards.owl#MicromolePerLiter,MicromolePerLiter,,,false,,,http://ecoinformatics.org/oboe/oboe.1.2/oboe-core.owl#CompositeUnit,,,,,,,,,,,,,,,,MicromolePerLiter,,,,,,,,,,,,,,,,,,,,,
http://ecoinformatics.org/oboe/oboe.1.2/oboe-standards.owl#MicromolePerKilogram,MicromolePerKilogram,,"Unit of concentration often used for gasses (e.g., oxygen, or O2) because it is related to solubility measurements.",false,,,http://ecoinformatics.org/oboe/oboe.1.2/oboe-core.owl#CompositeUnit,,,,,,,,,,,,,,,,MicromolePerKilogram,,,,,,,,,,,,,,,,,,,,,
http://ecoinformatics.org/oboe/oboe.1.2/oboe-standards.owl#ReciprocalMeter,ReciprocalMeter,,,false,,,http://ecoinformatics.org/oboe/oboe.1.2/oboe-core.owl#DerivedUnit,,,,,,,,,,,,,,,,ReciprocalMeter,,,,,,,,,,,,,,,,,,,,,
http://ecoinformatics.org/oboe/oboe.1.2/oboe-standards.owl#Ton,Ton,,,false,,,http://ecoinformatics.org/oboe/oboe.1.2/oboe-core.owl#BaseUnit,,,,,,,,,,,,,,,,Ton,,,,,,,,,,,,,,,,,,,,,
http://ecoinformatics.org/oboe/oboe.1.2/oboe-standards.owl#Microgram,Microgram,,,false,,,http://ecoinformatics.org/oboe/oboe.1.2/oboe-core.owl#BaseUnit,,,,,,,,,,,,,,,,Microgram,,,,,,,,,,,,,,,,,,,,,
http://ecoinformatics.org/oboe/oboe.1.2/oboe-standards.owl#MicronToMeter,MicronToMeter,,,false,,,http://ecoinformatics.org/oboe/oboe.1.2/oboe-core.owl#UnitConversion,,,,,,,,,,,,,,,,MicronToMeter,,,,,,,,,,,,,,,,,,,,,
http://ecoinformatics.org/oboe/oboe.1.2/oboe-standards.owl#NominalWeekToSecond,NominalWeekToSecond,,,false,,,http://ecoinformatics.org/oboe/oboe.1.2/oboe-core.owl#UnitConversion,,,,,,,,,,,,,,,,NominalWeekToSecond,,,,,,,,,,,,,,,,,,,,,
http://ecoinformatics.org/oboe/oboe.1.2/oboe-core.owl#IdentifyingCharacteristic,Identifying Characteristic,,"An identifying characteristic is used to identify or name an entity either globally or within a context, such as a name of a lake or a tag number assigned to a tree. Unlike a MeasuredCharacteristic, an IdentifyingCharacteristic is assigned and not measured.",false,,,http://ecoinformatics.org/oboe/oboe.1.2/oboe-core.owl#Characteristic,,,,,,,,,,,,,,,,oboe-core:IdentifyingCharacteristic,,,,,,,,,,,,,,,,,,,,,
http://ecoinformatics.org/oboe/oboe.1.2/oboe-core.owl#UnitConversion,Unit Conversion,,A unit conversion is a mapping from a source unit to a target unit via a multiplier and an offset value.,false,,,http://www.w3.org/2002/07/owl#Thing,,,,,,,,,,,http://ecoinformatics.org/oboe/oboe.1.2/oboe-core.owl#Unit,http://ecoinformatics.org/oboe/oboe.1.2/oboe-core.owl#Unit,,,,oboe-core:UnitConversion,,,,,,,,,,,,,,,,,,,,,
http://ecoinformatics.org/oboe/oboe.1.2/oboe-core.owl#CompositeUnit,Composite Unit,,"A composite unit is the product of at least two base or derived units. For example, 'meter per second square' denotes a composite unit defined over 'meter' (a base unit) and 'per second square' (a derived unit).",false,,,http://ecoinformatics.org/oboe/oboe.1.2/oboe-core.owl#Unit,,,,,,,,,,,,,,,,oboe-core:CompositeUnit,,,,,,,,,,,,,,,,,,,,,
http://ecoinformatics.org/oboe/oboe.1.2/oboe-standards.owl#DekagramToKilogram,DekagramToKilogram,,,false,,,http://ecoinformatics.org/oboe/oboe.1.2/oboe-core.owl#UnitConversion,,,,,,,,,,,,,,,,DekagramToKilogram,,,,,,,,,,,,,,,,,,,,,
http://ecoinformatics.org/oboe/oboe.1.2/oboe-standards.owl#Liter,Liter,,,false,,,http://ecoinformatics.org/oboe/oboe.1.2/oboe-core.owl#DerivedUnit,,,,,,,,,,,,,,,,Liter,,,,,,,,,,,,,,,,,,,,,
http://ecoinformatics.org/oboe/oboe.1.2/oboe-characteristics.owl#WaveNumber,WaveNumber,,,false,,,http://ecoinformatics.org/oboe/oboe.1.2/oboe-core.owl#MeasuredCharacteristic,,,,,,,,,,,,,,,,oboe-characteristics:WaveNumber|WaveNumber,,,,,,,,,,,,,,,,,,,,,
http://ecoinformatics.org/oboe/oboe.1.2/oboe-standards.owl#NominalHour,NominalHour,,,false,,,http://ecoinformatics.org/oboe/oboe.1.2/oboe-core.owl#BaseUnit,,,,,,,,,,,,,,,,NominalHour,,,,,,,,,,,,,,,,,,,,,
http://ecoinformatics.org/oboe/oboe.1.2/oboe-characteristics.owl#Mass,Mass,,,false,,,http://ecoinformatics.org/oboe/oboe.1.2/oboe-core.owl#MeasuredCharacteristic,,,,,,,,,,,,,,,,Mass|oboe-characteristics:Mass,,,,,,,,,,,,,,,,,,,,,
http://ecoinformatics.org/oboe/oboe.1.2/oboe-standards.owl#MicrogramPerMeterCubed,MicrogramPerMeterCubed,,,false,,,http://ecoinformatics.org/oboe/oboe.1.2/oboe-core.owl#CompositeUnit,,,,,,,,,,,,,http://ecoinformatics.org/oboe/oboe.1.2/oboe-standards.owl#Microgram,,,MicrogramPerMeterCubed,,,,,,,,,,,,,,,,,,,,,
http://ecoinformatics.org/oboe/oboe.1.2/oboe-standards.owl#Lumen,Lumen,,,false,,,http://ecoinformatics.org/oboe/oboe.1.2/oboe-core.owl#BaseUnit,,,,,,,,,,,,,,,,Lumen,,,,,,,,,,,,,,,,,,,,,
http://ecoinformatics.org/oboe/oboe.1.2/oboe-standards.owl#FootToMeter,FootToMeter,,,false,,,http://ecoinformatics.org/oboe/oboe.1.2/oboe-core.owl#UnitConversion,,,,,,,,,,,,,,,,FootToMeter,,,,,,,,,,,,,,,,,,,,,
http://ecoinformatics.org/oboe/oboe.1.2/oboe-standards.owl#NominalYearToSecond,NominalYearToSecond,,,false,,,http://ecoinformatics.org/oboe/oboe.1.2/oboe-core.owl#UnitConversion,,,,,,,,,,,,,,,,NominalYearToSecond,,,,,,,,,,,,,,,,,,,,,
http://ecoinformatics.org/oboe/oboe.1.2/oboe-standards.owl#KilogramPerLiter,KilogramPerLiter,,,false,,,http://ecoinformatics.org/oboe/oboe.1.2/oboe-core.owl#CompositeUnit,,,,,,,,,,,,,http://ecoinformatics.org/oboe/oboe.1.2/oboe-standards.owl#Kilogram,,,KilogramPerLiter,,,,,,,,,,,,,,,,,,,,,
http://ecoinformatics.org/oboe/oboe.1.2/oboe-standards.owl#MegagramToKilogram,MegagramToKilogram,,,false,,,http://ecoinformatics.org/oboe/oboe.1.2/oboe-core.owl#UnitConversion,,,,,,,,,,,,,,,,MegagramToKilogram,,,,,,,,,,,,,,,,,,,,,
http://ecoinformatics.org/oboe/oboe.1.2/oboe-core.owl#Measurement,Measurement,,"A measurement is an assertion that a characteristic of an entity had a particular value with respect to an observation event.  A measurement is comprised of a characteristic, a value, a measurement standard, and a protocol. Measurements can also have precision as well as a description of the methods used. Measurements can encapsulate characteristics that were recorded, but not necessarily measured in a physical sense.  For example, the name of a location and a taxon can be captured through measurements.",false,,,http://www.w3.org/2002/07/owl#Thing,,,,,,,,,,,,,,http://ecoinformatics.org/oboe/oboe.1.2/oboe-core.owl#MeasuredValue,,oboe-core:Measurement,,,,,,,,,,,,,,,,,,http://ecoinformatics.org/oboe/oboe.1.2/oboe-core.owl#Characteristic,,http://ecoinformatics.org/oboe/oboe.1.2/oboe-core.owl#Protocol,http://ecoinformatics.org/oboe/oboe.1.2/oboe-core.owl#Standard
http://ecoinformatics.org/oboe/oboe.1.2/oboe-characteristics.owl#Time,Time,,,false,,,http://ecoinformatics.org/oboe/oboe.1.2/oboe-core.owl#MeasuredCharacteristic,,,,,,,,,,,,,,,,oboe-characteristics:Time|Time,,,,,,,,,,,,,,,,,,,,,
http://ecoinformatics.org/oboe/oboe.1.2/oboe-standards.owl#Kilohertz,Kilohertz,,,false,,,http://ecoinformatics.org/oboe/oboe.1.2/oboe-core.owl#DerivedUnit,,,,,,,,,,,,,,,,Kilohertz,,,,,,,,,,,,,,,,,,,,,
http://ecoinformatics.org/oboe/oboe.1.2/oboe-standards.owl#NanosecondToSecond,NanosecondToSecond,,,false,,,http://ecoinformatics.org/oboe/oboe.1.2/oboe-core.owl#UnitConversion,,,,,,,,,,,,,,,,NanosecondToSecond,,,,,,,,,,,,,,,,,,,,,
http://ecoinformatics.org/oboe/oboe.1.2/oboe-characteristics.owl#MassPerMass,MassPerMass,,,false,,,http://ecoinformatics.org/oboe/oboe.1.2/oboe-core.owl#MeasuredCharacteristic,,,,,,,,,,,,,,,,MassPerMass|oboe-characteristics:MassPerMass,,,,,,,,,,,,,,,,,,,,,
http://ecoinformatics.org/oboe/oboe.1.2/oboe-standards.owl#MilligramPerMeterSquaredPerDay,MilligramPerMeterSquaredPerDay,,,false,,,http://ecoinformatics.org/oboe/oboe.1.2/oboe-core.owl#CompositeUnit,,,,,,,,,,,,,http://ecoinformatics.org/oboe/oboe.1.2/oboe-standards.owl#Milligram,,,MilligramPerMeterSquaredPerDay,,,,,,,,,,,,,,,,,,,,,
http://ecoinformatics.org/oboe/oboe.1.2/oboe-standards.owl#Centisecond,Centisecond,,,false,,,http://ecoinformatics.org/oboe/oboe.1.2/oboe-core.owl#BaseUnit,,,,,,,,,,,,,,,,Centisecond,,,,,,,,,,,,,,,,,,,,,
http://ecoinformatics.org/oboe/oboe.1.2/oboe-standards.owl#Ampere,Ampere,,The ampere is the SI unit of electric current and is one of the seven SI base units.,false,,,http://ecoinformatics.org/oboe/oboe.1.2/oboe-core.owl#BaseUnit,,,,,,,,,,,,,,,,Ampere,,,,,,,,,,,,,,,,,,,,,
http://ecoinformatics.org/oboe/oboe.1.2/oboe-standards.owl#MeterPerSecond,MeterPerSecond,,,false,,,http://ecoinformatics.org/oboe/oboe.1.2/oboe-core.owl#CompositeUnit,,,,,,,,,,,,,http://ecoinformatics.org/oboe/oboe.1.2/oboe-standards.owl#Meter,,,MeterPerSecond,,,,,,,,,,,,,,,,,,,,,
http://ecoinformatics.org/oboe/oboe.1.2/oboe-characteristics.owl#Amount,Amount,,,false,,,http://ecoinformatics.org/oboe/oboe.1.2/oboe-core.owl#MeasuredCharacteristic,,,,,,,,,,,,,,,,oboe-characteristics:Amount|Amount,,,,,,,,,,,,,,,,,,,,,
http://ecoinformatics.org/oboe/oboe.1.2/oboe-standards.owl#CentigramToKilogram,CentigramToKilogram,,,false,,,http://ecoinformatics.org/oboe/oboe.1.2/oboe-core.owl#UnitConversion,,,,,,,,,,,,,,,,CentigramToKilogram,,,,,,,,,,,,,,,,,,,,,
http://ecoinformatics.org/oboe/oboe.1.2/oboe-standards.owl#Grad,Grad,,,false,,,http://ecoinformatics.org/oboe/oboe.1.2/oboe-core.owl#BaseUnit,,,,,,,,,,,,,,,,Grad,,,,,,,,,,,,,,,,,,,,,
http://ecoinformatics.org/oboe/oboe.1.2/oboe-standards.owl#NominalYear,NominalYear,,,false,,,http://ecoinformatics.org/oboe/oboe.1.2/oboe-core.owl#BaseUnit,,,,,,,,,,,,,,,,NominalYear,,,,,,,,,,,,,,,,,,,,,
http://ecoinformatics.org/oboe/oboe.1.2/oboe-standards.owl#MicrogramPerGram,MicrogramPerGram,,,false,,,http://ecoinformatics.org/oboe/oboe.1.2/oboe-core.owl#CompositeUnit,,,,,,,,,,,,,http://ecoinformatics.org/oboe/oboe.1.2/oboe-standards.owl#Microgram,,,MicrogramPerGram,,,,,,,,,,,,,,,,,,,,,
http://ecoinformatics.org/oboe/oboe.1.2/oboe-characteristics.owl#Irradiance,Irradiance,,"Irradiance, radiant emittance, and radiant exitance are radiometry terms for the power per unit area of electromagnetic radiation  at a surface. ""Irradiance"" is used when the electromagnetic radiation is incident on the surface. ""Radiant exitance"" or ""radiant emittance"" is used when the radiation is emerging from the surface. The SI units for all of these quantities are watts per square meter (W/m2) (wikipedia).  All of these quantities characterize the total amount of radiation present, at all frequencies. It is also common to consider each frequency in the spectrum separately. When this is done for radiation incident on a surface, it is called spectral irradiance, and has SI units W/m3, or commonly W·m−2·nm−1.",false,,,http://ecoinformatics.org/oboe/oboe.1.2/oboe-core.owl#MeasuredCharacteristic,,,,,,,,,,,,,,,,Irradiance|oboe-characteristics:Irradiance,,,,,,,,,,,,,,,,,,,,,
http://ecoinformatics.org/oboe/oboe.1.2/oboe-standards.owl#Kilometer,Kilometer,,,false,,,http://ecoinformatics.org/oboe/oboe.1.2/oboe-core.owl#BaseUnit,,,,,,,,,,,,,,,,Kilometer,,,,,,,,,,,,,,,,,,,,,
http://ecoinformatics.org/oboe/oboe.1.2/oboe-standards.owl#DegreToRadian,DegreToRadian,,,false,,,http://ecoinformatics.org/oboe/oboe.1.2/oboe-core.owl#UnitConversion,,,,,,,,,,,,,,,,DegreToRadian,,,,,,,,,,,,,,,,,,,,,
http://ecoinformatics.org/oboe/oboe.1.2/oboe-standards.owl#DekameterToMeter,DekameterToMeter,,,false,,,http://ecoinformatics.org/oboe/oboe.1.2/oboe-core.owl#UnitConversion,,,,,,,,,,,,,,,,DekameterToMeter,,,,,,,,,,,,,,,,,,,,,
http://ecoinformatics.org/oboe/oboe.1.2/oboe-standards.owl#GramPerMeterCubed,GramPerMeterCubed,,,false,,,http://ecoinformatics.org/oboe/oboe.1.2/oboe-core.owl#CompositeUnit,,,,,,,,,,,,,http://ecoinformatics.org/oboe/oboe.1.2/oboe-standards.owl#Gram,,,GramPerMeterCubed,,,,,,,,,,,,,,,,,,,,,
http://ecoinformatics.org/oboe/oboe.1.2/oboe-standards.owl#KilogramPerMeterSquaredPerDay,KilogramPerMeterSquaredPerDay,,,false,,,http://ecoinformatics.org/oboe/oboe.1.2/oboe-core.owl#CompositeUnit,,,,,,,,,,,,,http://ecoinformatics.org/oboe/oboe.1.2/oboe-standards.owl#Kilogram,,,KilogramPerMeterSquaredPerDay,,,,,,,,,,,,,,,,,,,,,
http://ecoinformatics.org/oboe/oboe.1.2/oboe-standards.owl#Day,Day,,,false,,,http://ecoinformatics.org/oboe/oboe.1.2/oboe-core.owl#BaseUnit,,,,,,,,,,,,,,,,Day,,,,,,,,,,,,,,,,,,,,,
http://ecoinformatics.org/oboe/oboe.1.2/oboe-standards.owl#Meter,Meter,,,false,,,http://ecoinformatics.org/oboe/oboe.1.2/oboe-core.owl#BaseUnit,,,,,,,,,,,,,,,,Meter,,,,,,,,,,,,,,,,,,,,,
http://ecoinformatics.org/oboe/oboe.1.2/oboe-characteristics.owl#ArealMassDensityRate,ArealMassDensityRate,,,false,,,http://ecoinformatics.org/oboe/oboe.1.2/oboe-core.owl#MeasuredCharacteristic,,,,,,,,,,,,,,,,oboe-characteristics:ArealMassDensityRate|ArealMassDensityRate,,,,,,,,,,,,,,,,,,,,,
http://ecoinformatics.org/oboe/oboe.1.2/oboe-standards.owl#MillimolePerMeterCubed,MillimolePerMeterCubed,,,false,,,http://ecoinformatics.org/oboe/oboe.1.2/oboe-core.owl#CompositeUnit,,,,,,,,,,,,,,,,MillimolePerMeterCubed,,,,,,,,,,,,,,,,,,,,,
http://ecoinformatics.org/oboe/oboe.1.2/oboe-standards.owl#Kilosecond,Kilosecond,,,false,,,http://ecoinformatics.org/oboe/oboe.1.2/oboe-core.owl#BaseUnit,,,,,,,,,,,,,,,,Kilosecond,,,,,,,,,,,,,,,,,,,,,
http://ecoinformatics.org/oboe/oboe.1.2/oboe-standards.owl#Tonne,Tonne,,,false,,,http://ecoinformatics.org/oboe/oboe.1.2/oboe-core.owl#BaseUnit,,,,,,,,,,,,,,,,Tonne,,,,,,,,,,,,,,,,,,,,,
http://ecoinformatics.org/oboe/oboe.1.2/oboe-standards.owl#Hour,Hour,,,false,,,http://ecoinformatics.org/oboe/oboe.1.2/oboe-core.owl#BaseUnit,,,,,,,,,,,,,,,,Hour,,,,,,,,,,,,,,,,,,,,,
http://ecoinformatics.org/oboe/oboe.1.2/oboe-standards.owl#LinkClarkeToMeter,LinkClarkeToMeter,,,false,,,http://ecoinformatics.org/oboe/oboe.1.2/oboe-core.owl#UnitConversion,,,,,,,,,,,,,,,,LinkClarkeToMeter,,,,,,,,,,,,,,,,,,,,,
http://ecoinformatics.org/oboe/oboe.1.2/oboe-core.owl#ObservationCollection,Observation Collection,,An observation collection is a container for a set of observations.,false,,,http://www.w3.org/2002/07/owl#Thing,,,,,,,,,,,,,,,,oboe-core:ObservationCollection,,,,,,,,,,,,,,,,,,,,,
http://ecoinformatics.org/oboe/oboe.1.2/oboe-standards.owl#DecisecondToSecond,DecisecondToSecond,,,false,,,http://ecoinformatics.org/oboe/oboe.1.2/oboe-core.owl#UnitConversion,,,,,,,,,,,,,,,,DecisecondToSecond,,,,,,,,,,,,,,,,,,,,,
http://ecoinformatics.org/oboe/oboe.1.2/oboe-characteristics.owl#AmountOfSubstanceWeight,AmountOfSubstanceWeight,,,false,,,http://ecoinformatics.org/oboe/oboe.1.2/oboe-core.owl#MeasuredCharacteristic,,,,,,,,,,,,,,,,AmountOfSubstanceWeight,,,,,,,,,,,,,,,,,,,,,
http://ecoinformatics.org/oboe/oboe.1.2/oboe-characteristics.owl#MagneticFluxDensity,MagneticFluxDensity,,,false,,,http://ecoinformatics.org/oboe/oboe.1.2/oboe-core.owl#MeasuredCharacteristic,,,,,,,,,,,,,,,,MagneticFluxDensity,,,,,,,,,,,,,,,,,,,,,
http://ecoinformatics.org/oboe/oboe.1.2/oboe-standards.owl#Decisecond,Decisecond,,,false,,,http://ecoinformatics.org/oboe/oboe.1.2/oboe-core.owl#BaseUnit,,,,,,,,,,,,,,,,Decisecond,,,,,,,,,,,,,,,,,,,,,
http://ecoinformatics.org/oboe/oboe.1.2/oboe-characteristics.owl#TagNumber,TagNumber,,provides an alphanumeric string of characters to refer to an entity. A TagNumber is typically used to uniquely identify an entity such as a sample or an individual specimen such as a tree or a rock sample.,false,,,http://ecoinformatics.org/oboe/oboe.1.2/oboe-characteristics.owl#Identifier,,,,,,,,,,,,,,,,TagNumber,,,,,,,,,,,,,,,,,,,,,
http://ecoinformatics.org/oboe/oboe.1.2/oboe-standards.owl#Decimeter,Decimeter,,,false,,,http://ecoinformatics.org/oboe/oboe.1.2/oboe-core.owl#BaseUnit,,,,,,,,,,,,,,,,Decimeter,,,,,,,,,,,,,,,,,,,,,
http://ecoinformatics.org/oboe/oboe.1.2/oboe-characteristics.owl#Frequency,Frequency,,,false,,,http://ecoinformatics.org/oboe/oboe.1.2/oboe-core.owl#MeasuredCharacteristic,,,,,,,,,,,,,,,,Frequency|oboe-characteristics:Frequency,,,,,,,,,,,,,,,,,,,,,
http://ecoinformatics.org/oboe/oboe.1.2/oboe-standards.owl#LiterPerSecond,LiterPerSecond,,,false,,,http://ecoinformatics.org/oboe/oboe.1.2/oboe-core.owl#CompositeUnit,,,,,,,,,,,,,http://ecoinformatics.org/oboe/oboe.1.2/oboe-standards.owl#Liter,,,LiterPerSecond,,,,,,,,,,,,,,,,,,,,,
http://ecoinformatics.org/oboe/oboe.1.2/oboe-characteristics.owl#LifeStage,Life Stage,,The developmental stage of life of a given organism.,false,,,http://ecoinformatics.org/oboe/oboe.1.2/oboe-core.owl#MeasuredCharacteristic,,,,,,,,,,,,,,,,LifeStage,,,,,,,,,,,,,,,,,,,,,
http://ecoinformatics.org/oboe/oboe.1.2/oboe-standards.owl#MegasecondToSecond,MegasecondToSecond,,,false,,,http://ecoinformatics.org/oboe/oboe.1.2/oboe-core.owl#UnitConversion,,,,,,,,,,,,,,,,MegasecondToSecond,,,,,,,,,,,,,,,,,,,,,
http://ecoinformatics.org/oboe/oboe.1.2/oboe-standards.owl#BarToKilopascal,BarToKilopascal,,"The bar (symbol: bar) is a unit of pressure equal to 100 kilopascals, and roughly equal to the atmospheric pressure on Earth at sea level.",false,,,http://ecoinformatics.org/oboe/oboe.1.2/oboe-core.owl#UnitConversion,,,,,,,,,,,,,,,,BarToKilopascal,,,,,,,,,,,,,,,,,,,,,
http://ecoinformatics.org/oboe/oboe.1.2/oboe-standards.owl#Megameter,Megameter,,,false,,,http://ecoinformatics.org/oboe/oboe.1.2/oboe-core.owl#BaseUnit,,,,,,,,,,,,,,,,Megameter,,,,,,,,,,,,,,,,,,,,,
http://ecoinformatics.org/oboe/oboe.1.2/oboe-standards.owl#GramPerLiter,GramPerLiter,,,false,,,http://ecoinformatics.org/oboe/oboe.1.2/oboe-core.owl#CompositeUnit,,,,,,,,,,,,,http://ecoinformatics.org/oboe/oboe.1.2/oboe-standards.owl#Gram,,,GramPerLiter,,,,,,,,,,,,,,,,,,,,,
http://ecoinformatics.org/oboe/oboe.1.2/oboe-standards.owl#MillisiemensPerMeter,MillisiemensPerMeter,,,false,,,http://ecoinformatics.org/oboe/oboe.1.2/oboe-core.owl#CompositeUnit,,,,,,,,,,,,,,,,MillisiemensPerMeter,,,,,,,,,,,,,,,,,,,,,
http://ecoinformatics.org/oboe/oboe.1.2/oboe-standards.owl#Gallon,Gallon,,,false,,,http://ecoinformatics.org/oboe/oboe.1.2/oboe-core.owl#DerivedUnit,,,,,,,,,,,,,,,,Gallon,,,,,,,,,,,,,,,,,,,,,
http://ecoinformatics.org/oboe/oboe.1.2/oboe-standards.owl#GradToRadian,GradToRadian,,,false,,,http://ecoinformatics.org/oboe/oboe.1.2/oboe-core.owl#UnitConversion,,,,,,,,,,,,,,,,GradToRadian,,,,,,,,,,,,,,,,,,,,,
http://ecoinformatics.org/oboe/oboe.1.2/oboe-standards.owl#LinkClarke,LinkClarke,,,false,,,http://ecoinformatics.org/oboe/oboe.1.2/oboe-core.owl#BaseUnit,,,,,,,,,,,,,,,,LinkClarke,,,,,,,,,,,,,,,,,,,,,
http://ecoinformatics.org/oboe/oboe.1.2/oboe-characteristics.owl#Name,Name,,"provides a character phrase to refer to an entity. A Name is typically used to reference an entity. For example, the Name for a particular instance of a lake might be 'Lake Tahoe'.",false,,,http://ecoinformatics.org/oboe/oboe.1.2/oboe-core.owl#IdentifyingCharacteristic,,,,,,,,,,,,,,,,Name,,,,,,,,,,,,,,,,,,,,,
http://ecoinformatics.org/oboe/oboe.1.2/oboe-standards.owl#Hectare,Hectare,,,false,,,http://ecoinformatics.org/oboe/oboe.1.2/oboe-core.owl#DerivedUnit,,,,,,,,,,,,,,,,Hectare,,,,,,,,,,,,,,,,,,,,,
http://ecoinformatics.org/oboe/oboe.1.2/oboe-characteristics.owl#MassSpecificLength,MassSpecificLength,,,false,,,http://ecoinformatics.org/oboe/oboe.1.2/oboe-core.owl#MeasuredCharacteristic,,,,,,,,,,,,,,,,MassSpecificLength,,,,,,,,,,,,,,,,,,,,,
http://ecoinformatics.org/oboe/oboe.1.2/oboe-standards.owl#MillibarToBar,MillibarToBar,,,false,,,http://ecoinformatics.org/oboe/oboe.1.2/oboe-core.owl#UnitConversion,,,,,,,,,,,,,,,,MillibarToBar,,,,,,,,,,,,,,,,,,,,,
http://ecoinformatics.org/oboe/oboe.1.2/oboe-standards.owl#YardToMeter,YardToMeter,,,false,,,http://ecoinformatics.org/oboe/oboe.1.2/oboe-core.owl#UnitConversion,,,,,,,,,,,,,,,,YardToMeter,,,,,,,,,,,,,,,,,,,,,
http://ecoinformatics.org/oboe/oboe.1.2/oboe-characteristics.owl#Transmissivity,Transmissivity,,,false,,,http://ecoinformatics.org/oboe/oboe.1.2/oboe-core.owl#MeasuredCharacteristic,,,,,,,,,,,,,,,,Transmissivity,,,,,,,,,,,,,,,,,,,,,
http://ecoinformatics.org/oboe/oboe.1.2/oboe-standards.owl#AcreToMeterSquared,AcreToMeterSquared,,,false,,,http://ecoinformatics.org/oboe/oboe.1.2/oboe-core.owl#UnitConversion,,,,,,,,,,,,,,,,AcreToMeterSquared,,,,,,,,,,,,,,,,,,,,,
http://ecoinformatics.org/oboe/oboe.1.2/oboe-standards.owl#Hectogram,Hectogram,,,false,,,http://ecoinformatics.org/oboe/oboe.1.2/oboe-core.owl#BaseUnit,,,,,,,,,,,,,,,,Hectogram,,,,,,,,,,,,,,,,,,,,,
http://ecoinformatics.org/oboe/oboe.1.2/oboe-characteristics.owl#Current,Current,,,false,,,http://ecoinformatics.org/oboe/oboe.1.2/oboe-core.owl#MeasuredCharacteristic,,,,,,,,,,,,,,,,Current|oboe-characteristics:Current,,,,,,,,,,,,,,,,,,,,,
http://ecoinformatics.org/oboe/oboe.1.2/oboe-standards.owl#Nanogram,Nanogram,,,false,,,http://ecoinformatics.org/oboe/oboe.1.2/oboe-core.owl#BaseUnit,,,,,,,,,,,,,,,,Nanogram,,,,,,,,,,,,,,,,,,,,,
http://ecoinformatics.org/oboe/oboe.1.2/oboe-characteristics.owl#Conductance,Conductance,,measures how easily electricity flows along a certain path through an electrical element. The SI derived unit for electrical conductance is the siemens,false,,,http://ecoinformatics.org/oboe/oboe.1.2/oboe-core.owl#MeasuredCharacteristic,,,,,,,,,,,,,,,,oboe-characteristics:Conductance|Conductance,,,,,,,,,,,,,,,,,,,,,
http://ecoinformatics.org/oboe/oboe.1.2/oboe-standards.owl#HourToSecond,HourToSecond,,,false,,,http://ecoinformatics.org/oboe/oboe.1.2/oboe-core.owl#UnitConversion,,,,,,,,,,,,,,,,HourToSecond,,,,,,,,,,,,,,,,,,,,,
http://ecoinformatics.org/oboe/oboe.1.2/oboe-standards.owl#Percent,Percent,,Ratio of two quantities as percent composition (1:100).,false,,,http://ecoinformatics.org/oboe/oboe.1.2/oboe-core.owl#BaseUnit,,,,,,,,,,,,,,,,Percent,,,,,,,,,,,,,,,,,,,,,
http://ecoinformatics.org/oboe/oboe.1.2/oboe-characteristics.owl#CurrentDensity,CurrentDensity,,,false,,,http://ecoinformatics.org/oboe/oboe.1.2/oboe-core.owl#MeasuredCharacteristic,,,,,,,,,,,,,,,,CurrentDensity,,,,,,,,,,,,,,,,,,,,,
http://ecoinformatics.org/oboe/oboe.1.2/oboe-standards.owl#Hertz,Hertz,,,false,,,http://ecoinformatics.org/oboe/oboe.1.2/oboe-core.owl#DerivedUnit,,,,,,,,,,,,,,,,Hertz,,,,,,,,,,,,,,,,,,,,,
http://ecoinformatics.org/oboe/oboe.1.2/oboe-standards.owl#Yard,Yard,,,false,,,http://ecoinformatics.org/oboe/oboe.1.2/oboe-core.owl#BaseUnit,,,,,,,,,,,,,,,,Yard,,,,,,,,,,,,,,,,,,,,,
http://ecoinformatics.org/oboe/oboe.1.2/oboe-core.owl#MeasurementType,Measurement Type,,"A MeasurementType describes the type of a Measurement in which the Measurement would follow the associated Protocol to record the value of the associated Characteristic of the associated Entity using the associated Standard.  Any of these associated properties may be omitted, in which case the MeasurementType is only constrained by the provided associations. A MeasurementType is a hypothetical construct, in that it is not associated with a particular instance of a Measurement.",false,,,http://www.w3.org/2002/07/owl#Thing,,,,,,,,,,,,,,,,oboe-core:MeasurementType,,,,,,,,,,,,,,http://ecoinformatics.org/oboe/oboe.1.2/oboe-core.owl#Characteristic,http://ecoinformatics.org/oboe/oboe.1.2/oboe-core.owl#Entity,http://ecoinformatics.org/oboe/oboe.1.2/oboe-core.owl#Protocol,http://ecoinformatics.org/oboe/oboe.1.2/oboe-core.owl#Standard,,,,
http://ecoinformatics.org/oboe/oboe.1.2/oboe-standards.owl#MicroeinsteinsPerMeterSquaredPerSecond,MicroeinsteinsPerMeterSquaredPerSecond,,"An einstein is a unit used in irradiance and in photochemistry. One einstein is defined as one mole of photons, regardless of their frequency. Therefore, the number of photons in an einstein is Avogadro's number, 6.022×1023.

Quantum flux of Photosynthetically active radiation (PAR) is usually reported in microeinsteins per second per square meter, one microeinstein being one-millionth of an einstein.

Irradiance might be measured in einsteins per square metre per second, if the source is monochromatic. (note: If the optical frequency is not well defined this is a sloppy misuse of the term irradiance, which is defined in terms of power per unit area, and p.


The einstein is used in studies of photosynthesis since the light requirement for the production of a given quantity of oxygen is a fixed number of photosynthetically active photons (about nine photosynthetically active einsteins per mole of oxygen formed).

It is named in honor of Albert Einstein, who in a 1905 paper explained the photoelectric effect in terms of light quanta, now called photons, an idea introduced by Max Planck.",false,,,http://ecoinformatics.org/oboe/oboe.1.2/oboe-core.owl#CompositeUnit,,,,,,,,,,,,,,,,MicroeinsteinsPerMeterSquaredPerSecond,,,,,,,,,,,,,,,,,,,,,
http://ecoinformatics.org/oboe/oboe.1.2/oboe-standards.owl#InchToMeter,InchToMeter,,,false,,,http://ecoinformatics.org/oboe/oboe.1.2/oboe-core.owl#UnitConversion,,,,,,,,,,,,,,,,InchToMeter,,,,,,,,,,,,,,,,,,,,,
http://ecoinformatics.org/oboe/oboe.1.2/oboe-characteristics.owl#Molality,Molality,,Molality amount of substance of solute B in a solution divided by the mass of the solvent: Often favored because measurements of mass are more precise than measurements of volume.,false,,,http://ecoinformatics.org/oboe/oboe.1.2/oboe-core.owl#MeasuredCharacteristic,,,,,,,,,,,,,,,,Molality|oboe-characteristics:Molality,,,,,,,,,,,,,,,,,,,,,
http://ecoinformatics.org/oboe/oboe.1.2/oboe-characteristics.owl#MassFlux,MassFlux,,,false,,,http://ecoinformatics.org/oboe/oboe.1.2/oboe-core.owl#MeasuredCharacteristic,,,,,,,,,,,,,,,,MassFlux,,,,,,,,,,,,,,,,,,,,,
http://ecoinformatics.org/oboe/oboe.1.2/oboe-standards.owl#Kilopascal,Kilopascal,,,false,,,http://ecoinformatics.org/oboe/oboe.1.2/oboe-core.owl#CompositeUnit,,,,,,,,,,,,,,,,Kilopascal,,,,,,,,,,,,,,,,,,,,,
http://ecoinformatics.org/oboe/oboe.1.2/oboe-standards.owl#MillimeterToMeter,MillimeterToMeter,,,false,,,http://ecoinformatics.org/oboe/oboe.1.2/oboe-core.owl#UnitConversion,,,,,,,,,,,,,,,,MillimeterToMeter,,,,,,,,,,,,,,,,,,,,,
http://ecoinformatics.org/oboe/oboe.1.2/oboe-standards.owl#HectosecondToSecond,HectosecondToSecond,,,false,,,http://ecoinformatics.org/oboe/oboe.1.2/oboe-core.owl#UnitConversion,,,,,,,,,,,,,,,,HectosecondToSecond,,,,,,,,,,,,,,,,,,,,,
http://ecoinformatics.org/oboe/oboe.1.2/oboe-characteristics.owl#Capacitance,Capacitance,,,false,,,http://ecoinformatics.org/oboe/oboe.1.2/oboe-core.owl#MeasuredCharacteristic,,,,,,,,,,,,,,,,Capacitance,,,,,,,,,,,,,,,,,,,,,
http://ecoinformatics.org/oboe/oboe.1.2/oboe-standards.owl#Volt,Volt,,"The volt is defined as the value of the voltage across a conductor when a current of one ampere dissipates one watt of power in the conductor.[2] It can be written in terms of SI base units as: m2 · kg · s−3 · A−1. It is also equal to one joule of energy per coulomb of charge, J/C.",false,,,http://ecoinformatics.org/oboe/oboe.1.2/oboe-core.owl#CompositeUnit,,,,,,,,,,,,,,,,Volt,,,,,,,,,,,,,,,,,,,,,
http://ecoinformatics.org/oboe/oboe.1.2/oboe-standards.owl#MilligramPerLiter,MilligramPerLiter,,,false,,,http://ecoinformatics.org/oboe/oboe.1.2/oboe-core.owl#CompositeUnit,,,,,,,,,,,,,http://ecoinformatics.org/oboe/oboe.1.2/oboe-standards.owl#Milligram,,,MilligramPerLiter,,,,,,,,,,,,,,,,,,,,,
http://ecoinformatics.org/oboe/oboe.1.2/oboe-standards.owl#Are,Are,,,false,,,http://ecoinformatics.org/oboe/oboe.1.2/oboe-core.owl#DerivedUnit,,,,,,,,,,,,,,,,Are,,,,,,,,,,,,,,,,,,,,,
http://ecoinformatics.org/oboe/oboe.1.2/oboe-standards.owl#Hectosecond,Hectosecond,,,false,,,http://ecoinformatics.org/oboe/oboe.1.2/oboe-core.owl#BaseUnit,,,,,,,,,,,,,,,,Hectosecond,,,,,,,,,,,,,,,,,,,,,
http://ecoinformatics.org/oboe/oboe.1.2/oboe-characteristics.owl#Temperature,Temperature,,,false,,,http://ecoinformatics.org/oboe/oboe.1.2/oboe-core.owl#MeasuredCharacteristic,,,,,,,,,,,,,,,,oboe-characteristics:Temperature|Temperature,,,,,,,,,,,,,,,,,,,,,
http://ecoinformatics.org/oboe/oboe.1.2/oboe-standards.owl#Millibar,Millibar,,A millibar is a unit pressure commonly used in meterology. 1 mbar = 0.001 bar = 0.1 kPa = 1 hPa (hectopascal),false,,,http://ecoinformatics.org/oboe/oboe.1.2/oboe-core.owl#BaseUnit,,,,,,,,,,,,,,,,Millibar,,,,,,,,,,,,,,,,,,,,,
http://ecoinformatics.org/oboe/oboe.1.2/oboe-standards.owl#SiemensPerMeter,SiemensPerMeter,,"Conductivity is the reciprocal (inverse) of electrical resistivity, ρ, and has the SI units of siemens per metre (S·m-1). ""siemens"" is used for both singular and plural.",false,,,http://ecoinformatics.org/oboe/oboe.1.2/oboe-core.owl#CompositeUnit,,,,,,,,,,,,,http://ecoinformatics.org/oboe/oboe.1.2/oboe-standards.owl#Siemens,,,SiemensPerMeter,,,,,,,,,,,,,,,,,,,,,
http://ecoinformatics.org/oboe/oboe.1.2/oboe-standards.owl#KilogramPerMeterSquared,KilogramPerMeterSquared,,,false,,,http://ecoinformatics.org/oboe/oboe.1.2/oboe-core.owl#CompositeUnit,,,,,,,,,,,,,http://ecoinformatics.org/oboe/oboe.1.2/oboe-standards.owl#Kilogram,,,KilogramPerMeterSquared,,,,,,,,,,,,,,,,,,,,,
http://ecoinformatics.org/oboe/oboe.1.2/oboe-standards.owl#NauticalMileToMeter,NauticalMileToMeter,,,false,,,http://ecoinformatics.org/oboe/oboe.1.2/oboe-core.owl#UnitConversion,,,,,,,,,,,,,,,,NauticalMileToMeter,,,,,,,,,,,,,,,,,,,,,
http://ecoinformatics.org/oboe/oboe.1.2/oboe-standards.owl#MileSquared,MileSquared,,,false,,,http://ecoinformatics.org/oboe/oboe.1.2/oboe-core.owl#DerivedUnit,,,,,,,,,,,,,,,,MileSquared,,,,,,,,,,,,,,,,,,,,,
http://ecoinformatics.org/oboe/oboe.1.2/oboe-core.owl#MeasuredValue,Measurement Value,,"A measurement value is a quantitative or qualitative result of a measurement. Measurement values can contain a coded representation of the result, e.g., as a number or string.",false,,,http://www.w3.org/2002/07/owl#Thing,,,,,,,,,,,,,,,,oboe-core:MeasuredValue,,,,,,,,,,,,,,,,,,,,,
http://ecoinformatics.org/oboe/oboe.1.2/oboe-characteristics.owl#Energy,Energy,,,false,,,http://ecoinformatics.org/oboe/oboe.1.2/oboe-core.owl#MeasuredCharacteristic,,,,,,,,,,,,,,,,Energy,,,,,,,,,,,,,,,,,,,,,
http://ecoinformatics.org/oboe/oboe.1.2/oboe-characteristics.owl#Pressure,Pressure,,,false,,,http://ecoinformatics.org/oboe/oboe.1.2/oboe-core.owl#MeasuredCharacteristic,,,,,,,,,,,,,,,,oboe-characteristics:Pressure|Pressure,,,,,,,,,,,,,,,,,,,,,
http://ecoinformatics.org/oboe/oboe.1.2/oboe-standards.owl#Centigram,Centigram,,,false,,,http://ecoinformatics.org/oboe/oboe.1.2/oboe-core.owl#BaseUnit,,,,,,,,,,,,,,,,Centigram,,,,,,,,,,,,,,,,,,,,,
http://ecoinformatics.org/oboe/oboe.1.2/oboe-standards.owl#MolePerMeterCubed,MolePerMeterCubed,,,false,,,http://ecoinformatics.org/oboe/oboe.1.2/oboe-core.owl#CompositeUnit,,,,,,,,,,,,,http://ecoinformatics.org/oboe/oboe.1.2/oboe-standards.owl#Mole,,,MolePerMeterCubed,,,,,,,,,,,,,,,,,,,,,
http://ecoinformatics.org/oboe/oboe.1.2/oboe-standards.owl#Centimeter,Centimeter,,,false,,,http://ecoinformatics.org/oboe/oboe.1.2/oboe-core.owl#BaseUnit,,,,,,,,,,,,,,,,Centimeter,,,,,,,,,,,,,,,,,,,,,
http://ecoinformatics.org/oboe/oboe.1.2/oboe-standards.owl#Dekagram,Dekagram,,,false,,,http://ecoinformatics.org/oboe/oboe.1.2/oboe-core.owl#BaseUnit,,,,,,,,,,,,,,,,Dekagram,,,,,,,,,,,,,,,,,,,,,
http://ecoinformatics.org/oboe/oboe.1.2/oboe-standards.owl#NominalMinuteToSecond,NominalMinuteToSecond,,,false,,,http://ecoinformatics.org/oboe/oboe.1.2/oboe-core.owl#UnitConversion,,,,,,,,,,,,,,,,NominalMinuteToSecond,,,,,,,,,,,,,,,,,,,,,
http://ecoinformatics.org/oboe/oboe.1.2/oboe-standards.owl#MicromolePerMeterCubed,MicromolePerMeterCubed,,,false,,,http://ecoinformatics.org/oboe/oboe.1.2/oboe-core.owl#CompositeUnit,,,,,,,,,,,,,,,,MicromolePerMeterCubed,,,,,,,,,,,,,,,,,,,,,
http://ecoinformatics.org/oboe/oboe.1.2/oboe-characteristics.owl#ArealDensity,ArealDensity,,,false,,,http://ecoinformatics.org/oboe/oboe.1.2/oboe-core.owl#MeasuredCharacteristic,,,,,,,,,,,,,,,,oboe-characteristics:ArealDensity|ArealDensity,,,,,,,,,,,,,,,,,,,,,
http://ecoinformatics.org/oboe/oboe.1.2/oboe-core.owl#Unit,Unit,,"A unit is a standard quantification for physical measurements. A unit is either a base unit, a composite unit, or a derived unit.",false,,,http://ecoinformatics.org/oboe/oboe.1.2/oboe-core.owl#Standard,,,,,,,,,,,,,,,,oboe-core:Unit,,,,,,,,,,,,,,,,,,,,,
http://ecoinformatics.org/oboe/oboe.1.2/oboe-characteristics.owl#Angle,Angle,,,false,,,http://ecoinformatics.org/oboe/oboe.1.2/oboe-core.owl#MeasuredCharacteristic,,,,,,,,,,,,,,,,oboe-characteristics:Angle|Angle,,,,,,,,,,,,,,,,,,,,,
http://ecoinformatics.org/oboe/oboe.1.2/oboe-standards.owl#Celsius,Celsius,,The degree Celsius is a unit of thermodynamic temperature with the same magnitude as the unit kelvin but where absolute zero (0 Kelvin) is defined as -273.15 degrees Celsius.,false,,,http://ecoinformatics.org/oboe/oboe.1.2/oboe-core.owl#BaseUnit,,,,,,,,,,,,,,,,Celsius,,,,,,,,,,,,,,,,,,,,,
http://ecoinformatics.org/oboe/oboe.1.2/oboe-characteristics.owl#VolumePerVolume,VolumePerVolume,,,false,,,http://ecoinformatics.org/oboe/oboe.1.2/oboe-core.owl#MeasuredCharacteristic,,,,,,,,,,,,,,,,VolumePerVolume,,,,,,,,,,,,,,,,,,,,,
http://ecoinformatics.org/oboe/oboe.1.2/oboe-standards.owl#CentimeterPerSecond,CentimeterPerSecond,,,false,,,http://ecoinformatics.org/oboe/oboe.1.2/oboe-core.owl#CompositeUnit,,,,,,,,,,,,,http://ecoinformatics.org/oboe/oboe.1.2/oboe-standards.owl#Centimeter,,,CentimeterPerSecond,,,,,,,,,,,,,,,,,,,,,
http://ecoinformatics.org/oboe/oboe.1.2/oboe-standards.owl#GramToKilogram,GramToKilogram,,,false,,,http://ecoinformatics.org/oboe/oboe.1.2/oboe-core.owl#UnitConversion,,,,,,,,,,,,,,,,GramToKilogram,,,,,,,,,,,,,,,,,,,,,
http://ecoinformatics.org/oboe/oboe.1.2/oboe-standards.owl#Quart,Quart,,,false,,,http://ecoinformatics.org/oboe/oboe.1.2/oboe-core.owl#DerivedUnit,,,,,,,,,,,,,,,,Quart,,,,,,,,,,,,,,,,,,,,,
http://ecoinformatics.org/oboe/oboe.1.2/oboe-standards.owl#KilometerSquared,KilometerSquared,,,false,,,http://ecoinformatics.org/oboe/oboe.1.2/oboe-core.owl#DerivedUnit,,,,,,,,,,,,,,,,KilometerSquared,,,,,,,,,,,,,,,,,,,,,
http://ecoinformatics.org/oboe/oboe.1.2/oboe-standards.owl#MicrosiemensPerMeter,MicrosiemensPerMeter,,,false,,,http://ecoinformatics.org/oboe/oboe.1.2/oboe-core.owl#CompositeUnit,,,,,,,,,,,,,,,,MicrosiemensPerMeter,,,,,,,,,,,,,,,,,,,,,
http://ecoinformatics.org/oboe/oboe.1.2/oboe-standards.owl#MicrometerToMeter,MicrometerToMeter,,,false,,,http://ecoinformatics.org/oboe/oboe.1.2/oboe-core.owl#UnitConversion,,,,,,,,,,,,,,,,MicrometerToMeter,,,,,,,,,,,,,,,,,,,,,
http://ecoinformatics.org/oboe/oboe.1.2/oboe-standards.owl#DecibarToBar,DecibarToBar,,,false,,,http://ecoinformatics.org/oboe/oboe.1.2/oboe-core.owl#UnitConversion,,,,,,,,,,,,,,,,DecibarToBar,,,,,,,,,,,,,,,,,,,,,
http://ecoinformatics.org/oboe/oboe.1.2/oboe-standards.owl#TonToKilogram,TonToKilogram,,,false,,,http://ecoinformatics.org/oboe/oboe.1.2/oboe-core.owl#UnitConversion,,,,,,,,,,,,,,,,TonToKilogram,,,,,,,,,,,,,,,,,,,,,
http://ecoinformatics.org/oboe/oboe.1.2/oboe-characteristics.owl#Proportion,Proportion,,,false,,,http://ecoinformatics.org/oboe/oboe.1.2/oboe-core.owl#MeasuredCharacteristic,,,,,,,,,,,,,,,,oboe-characteristics:Proportion|Proportion,,,,,,,,,,,,,,,,,,,,,
http://ecoinformatics.org/oboe/oboe.1.2/oboe-standards.owl#Megagram,Megagram,,,false,,,http://ecoinformatics.org/oboe/oboe.1.2/oboe-core.owl#BaseUnit,,,,,,,,,,,,,,,,Megagram,,,,,,,,,,,,,,,,,,,,,
http://ecoinformatics.org/oboe/oboe.1.2/oboe-standards.owl#MicrogramPerLiter,MicrogramPerLiter,,,false,,,http://ecoinformatics.org/oboe/oboe.1.2/oboe-core.owl#CompositeUnit,,,,,,,,,,,,,http://ecoinformatics.org/oboe/oboe.1.2/oboe-standards.owl#Microgram,,,MicrogramPerLiter,,,,,,,,,,,,,,,,,,,,,
http://ecoinformatics.org/oboe/oboe.1.2/oboe-standards.owl#NanogramPerLiter,NanogramPerLiter,,,false,,,http://ecoinformatics.org/oboe/oboe.1.2/oboe-core.owl#CompositeUnit,,,,,,,,,,,,,http://ecoinformatics.org/oboe/oboe.1.2/oboe-standards.owl#Nanogram,,,NanogramPerLiter,,,,,,,,,,,,,,,,,,,,,
http://ecoinformatics.org/oboe/oboe.1.2/oboe-standards.owl#DekasecondToSecond,DekasecondToSecond,,,false,,,http://ecoinformatics.org/oboe/oboe.1.2/oboe-core.owl#UnitConversion,,,,,,,,,,,,,,,,DekasecondToSecond,,,,,,,,,,,,,,,,,,,,,
http://ecoinformatics.org/oboe/oboe.1.2/oboe-characteristics.owl#Count,Count,,,false,,,http://ecoinformatics.org/oboe/oboe.1.2/oboe-core.owl#MeasuredCharacteristic,,,,,,,,,,,,,,,,oboe-characteristics:Count|Count,,,,,,,,,,,,,,,,,,,,,
http://ecoinformatics.org/oboe/oboe.1.2/oboe-core.owl#Observation,Observation,," An observation is an assertion that an entity (e.g., biological organisms, geographic locations, or environmental features, among others) was observed by an observer. An observation primarily serves to group a set of measurements together into a single ""observation event"". Observations are often made within a broader context. The context of an observation is given by other observations, implying that an observed entity (and specifically each corresponding measurement) contextualizes another observed entity (and its corresponding measurements). For example, an observation associated with a location may serve as context for an observation associated with an organism. In this case, the observed characteristic values of the location (such as humidity) are assumed constant for the corresponding measurements of the organism.",false,,,http://www.w3.org/2002/07/owl#Thing,,,,,,,,,,,,,,,,oboe-core:Observation,,,,,,,,,,,,,,,,,,,http://ecoinformatics.org/oboe/oboe.1.2/oboe-core.owl#Entity,,
http://ecoinformatics.org/oboe/oboe.1.2/oboe-standards.owl#MeterCubed,MeterCubed,,,false,,,http://ecoinformatics.org/oboe/oboe.1.2/oboe-core.owl#DerivedUnit,,,,,,,,,,,,,,,,MeterCubed,,,,,,,,,,,,,,,,,,,,,
http://ecoinformatics.org/oboe/oboe.1.2/oboe-standards.owl#FahrenheitDegreeToKelvin,FahrenheitDegreeToKelvin,,,false,,,http://ecoinformatics.org/oboe/oboe.1.2/oboe-core.owl#UnitConversion,,,,,,,,,,,,,,,,FahrenheitDegreeToKelvin,,,,,,,,,,,,,,,,,,,,,
http://ecoinformatics.org/oboe/oboe.1.2/oboe-standards.owl#Dekasecond,Dekasecond,,,false,,,http://ecoinformatics.org/oboe/oboe.1.2/oboe-core.owl#BaseUnit,,,,,,,,,,,,,,,,Dekasecond,,,,,,,,,,,,,,,,,,,,,
http://ecoinformatics.org/oboe/oboe.1.2/oboe-standards.owl#Bushel,Bushel,,,false,,,http://ecoinformatics.org/oboe/oboe.1.2/oboe-core.owl#DerivedUnit,,,,,,,,,,,,,,,,Bushel,,,,,,,,,,,,,,,,,,,,,
http://ecoinformatics.org/oboe/oboe.1.2/oboe-standards.owl#HectopascalToPascal,HectopascalToPascal,,,false,,,http://ecoinformatics.org/oboe/oboe.1.2/oboe-core.owl#UnitConversion,,,,,,,,,,,,,,,,HectopascalToPascal,,,,,,,,,,,,,,,,,,,,,
http://ecoinformatics.org/oboe/oboe.1.2/oboe-standards.owl#MillisecondToSecond,MillisecondToSecond,,,false,,,http://ecoinformatics.org/oboe/oboe.1.2/oboe-core.owl#UnitConversion,,,,,,,,,,,,,,,,MillisecondToSecond,,,,,,,,,,,,,,,,,,,,,
http://ecoinformatics.org/oboe/oboe.1.2/oboe-standards.owl#Millisecond,Millisecond,,,false,,,http://ecoinformatics.org/oboe/oboe.1.2/oboe-core.owl#BaseUnit,,,,,,,,,,,,,,,,Millisecond,,,,,,,,,,,,,,,,,,,,,
http://ecoinformatics.org/oboe/oboe.1.2/oboe-standards.owl#GallonToLiter,GallonToLiter,,,false,,,http://ecoinformatics.org/oboe/oboe.1.2/oboe-core.owl#UnitConversion,,,,,,,,,,,,,,,,GallonToLiter,,,,,,,,,,,,,,,,,,,,,
http://ecoinformatics.org/oboe/oboe.1.2/oboe-characteristics.owl#Resistivity,Resistivity,,,false,,,http://ecoinformatics.org/oboe/oboe.1.2/oboe-core.owl#MeasuredCharacteristic,,,,,,,,,,,,,,,,Resistivity,,,,,,,,,,,,,,,,,,,,,
http://ecoinformatics.org/oboe/oboe.1.2/oboe-characteristics.owl#Inductance,Inductance,,,false,,,http://ecoinformatics.org/oboe/oboe.1.2/oboe-core.owl#MeasuredCharacteristic,,,,,,,,,,,,,,,,Inductance,,,,,,,,,,,,,,,,,,,,,
http://ecoinformatics.org/oboe/oboe.1.2/oboe-standards.owl#Bar,Bar,,"The bar (symbol: bar) is a unit of pressure equal to 100 kilopascals, and roughly equal to the atmospheric pressure on Earth at sea level. 

It is not an SI or cgs units, but accepted for use with the SI. The bar is widely used in descriptions of pressure because it is only about 1% smaller than ""standard"" atmospheric pressure, and is legally recognized in countries of the European Union.

Common derivatives are millibar (meteorology) and decibar (oceanography)",false,,,http://ecoinformatics.org/oboe/oboe.1.2/oboe-core.owl#BaseUnit,,,,,,,,,,,,,,,,Bar,,,,,,,,,,,,,,,,,,,,,
http://ecoinformatics.org/oboe/oboe.1.2/oboe-standards.owl#NanomolePerLiter,NanomolePerLiter,,,false,,,http://ecoinformatics.org/oboe/oboe.1.2/oboe-core.owl#CompositeUnit,,,,,,,,,,,,,,,,NanomolePerLiter,,,,,,,,,,,,,,,,,,,,,
http://ecoinformatics.org/oboe/oboe.1.2/oboe-characteristics.owl#VolumetricArea,VolumetricArea,,,false,,,http://ecoinformatics.org/oboe/oboe.1.2/oboe-core.owl#MeasuredCharacteristic,,,,,,,,,,,,,,,,VolumetricArea,,,,,,,,,,,,,,,,,,,,,
http://ecoinformatics.org/oboe/oboe.1.2/oboe-standards.owl#Knot,Knot,,"A knot is one nautical mile per hour, which is equal to exactly 1.852 km/h and approximately 1.151 mph.",false,,,http://ecoinformatics.org/oboe/oboe.1.2/oboe-core.owl#CompositeUnit,,,,,,,,,,,,,http://ecoinformatics.org/oboe/oboe.1.2/oboe-standards.owl#NauticalMile,,,Knot,,,,,,,,,,,,,,,,,,,,,
http://ecoinformatics.org/oboe/oboe.1.2/oboe-standards.owl#Inch,Inch,,,false,,,http://ecoinformatics.org/oboe/oboe.1.2/oboe-core.owl#BaseUnit,,,,,,,,,,,,,,,,Inch,,,,,,,,,,,,,,,,,,,,,
http://ecoinformatics.org/oboe/oboe.1.2/oboe-standards.owl#MilligramToKilogram,MilligramToKilogram,,,false,,,http://ecoinformatics.org/oboe/oboe.1.2/oboe-core.owl#UnitConversion,,,,,,,,,,,,,,,,MilligramToKilogram,,,,,,,,,,,,,,,,,,,,,
http://ecoinformatics.org/oboe/oboe.1.2/oboe-characteristics.owl#DoseEquivalent,DoseEquivalent,,,false,,,http://ecoinformatics.org/oboe/oboe.1.2/oboe-core.owl#MeasuredCharacteristic,,,,,,,,,,,,,,,,DoseEquivalent,,,,,,,,,,,,,,,,,,,,,
http://ecoinformatics.org/oboe/oboe.1.2/oboe-standards.owl#Acre,Acre,,,false,,,http://ecoinformatics.org/oboe/oboe.1.2/oboe-core.owl#DerivedUnit,,,,,,,,,,,,,,,,Acre,,,,,,,,,,,,,,,,,,,,,
http://ecoinformatics.org/oboe/oboe.1.2/oboe-standards.owl#MicrosecondToSecond,MicrosecondToSecond,,,false,,,http://ecoinformatics.org/oboe/oboe.1.2/oboe-core.owl#UnitConversion,,,,,,,,,,,,,,,,MicrosecondToSecond,,,,,,,,,,,,,,,,,,,,,
http://ecoinformatics.org/oboe/oboe.1.2/oboe-core.owl#BaseUnit,Base Unit,,A base unit is a unit that is not naturally decomposed into other units.,false,,,http://ecoinformatics.org/oboe/oboe.1.2/oboe-core.owl#Unit,,,,,,,,,,,,,,,,oboe-core:BaseUnit,,,,,,,,,,,,,,,,,,,,,
http://ecoinformatics.org/oboe/oboe.1.2/oboe-standards.owl#Nanosecond,Nanosecond,,,false,,,http://ecoinformatics.org/oboe/oboe.1.2/oboe-core.owl#BaseUnit,,,,,,,,,,,,,,,,Nanosecond,,,,,,,,,,,,,,,,,,,,,
http://ecoinformatics.org/oboe/oboe.1.2/oboe-standards.owl#YardIndianToMeter,YardIndianToMeter,,,false,,,http://ecoinformatics.org/oboe/oboe.1.2/oboe-core.owl#UnitConversion,,,,,,,,,,,,,,,,YardIndianToMeter,,,,,,,,,,,,,,,,,,,,,
http://ecoinformatics.org/oboe/oboe.1.2/oboe-standards.owl#Nanometer,Nanometer,,,false,,,http://ecoinformatics.org/oboe/oboe.1.2/oboe-core.owl#BaseUnit,,,,,,,,,,,,,,,,Nanometer,,,,,,,,,,,,,,,,,,,,,
